"ModelName","ICGID","ModelNumber","ModelPageUrl","DiscussionUrl","ParsingMethod"
"Ruth","RX-00GAU","35565","https://www.thenude.eu/Ruth_35565.htm","https://www.thenude.com/forum/discussion/26175/ruth-icgid-rx-00gau-35565","forumListing"
"Lina Paige","LP-00AFV","35564","https://www.thenude.eu/Lina_Paige_35564.htm","https://www.thenude.com/forum/discussion/26174/lina-paige-icgid-lp-00afv-35564","forumListing"
"Missy Mae","MM-00IYC","35562","https://www.thenude.eu/Missy_Mae_35562.htm","https://www.thenude.com/forum/discussion/26172/missy-mae-icgid-mm-00iyc-35562","forumListing"
"Shawna Hill","SH-00BV4","35559","https://www.thenude.eu/Shawna_Hill_35559.htm","https://www.thenude.com/forum/discussion/26169/shawna-hill-icgid-sh-00bv4-35559","forumListing"
"Cindy","CX-00BGK","35555","https://www.thenude.eu/Cindy_35555.htm","https://www.thenude.com/forum/discussion/26166/cindy-icgid-cx-00bgk-35555","forumListing"
"Cindy Snow","CS-00NV5","35554","https://www.thenude.eu/Cindy_Snow_35554.htm","https://www.thenude.com/forum/discussion/26165/cindy-snow-icgid-cs-00nv5-35554","forumListing"
"Angel","AX-008FV","35553","https://www.thenude.eu/Angel_35553.htm","https://www.thenude.com/forum/discussion/26164/angel-icgid-ax-008fv-35553","forumListing"
"Angel","AX-00UHN","35552","https://www.thenude.eu/Angel_35552.htm","https://www.thenude.com/forum/discussion/26163/angel-icgid-ax-00uhn-35552","forumListing"
"Angel","AX-00S53","35551","https://www.thenude.eu/Angel_35551.htm","https://www.thenude.com/forum/discussion/26162/angel-icgid-ax-00s53-35551","forumListing"
"Angel Cummings","AC-00MZT","35550","https://www.thenude.eu/Angel_Cummings_35550.htm","https://www.thenude.com/forum/discussion/26161/angel-cummings-icgid-ac-00mzt-35550","forumListing"
"Angel","AX-00GTJ","35549","https://www.thenude.eu/Angel_35549.htm","https://www.thenude.com/forum/discussion/26160/angel-icgid-ax-00gtj-35549","forumListing"
"Mandy Miller","MM-00RZR","35548","https://www.thenude.eu/Mandy_Miller_35548.htm","https://www.thenude.com/forum/discussion/26159/mandy-miller-icgid-mm-00rzr-35548","forumListing"
"Aja","AX-00TAZ","35545","https://www.thenude.eu/Aja_35545.htm","https://www.thenude.com/forum/discussion/26156/aja-icgid-ax-00taz-35545","forumListing"
"Daisy","DX-00CCG","35544","https://www.thenude.eu/Daisy_35544.htm","https://www.thenude.com/forum/discussion/26155/daisy-icgid-dx-00ccg-35544","forumListing"
"Velma","VX-00K8E","35542","https://www.thenude.eu/Velma_35542.htm","https://www.thenude.com/forum/discussion/26153/velma-icgid-vx-00k8e-35542","forumListing"
"Avery","AX-00MFS","35293","https://www.thenude.eu/Avery_35293.htm","https://www.thenude.com/forum/discussion/25909/avery-icgid-ax-00mfs-35293","forumListing"
"Ava","AX-00PPY","35291","https://www.thenude.eu/Ava_35291.htm","https://www.thenude.com/forum/discussion/25907/ava-icgid-ax-00ppy-35291","forumListing"
"Ava","AX-00IHI","35290","https://www.thenude.eu/Ava_35290.htm","https://www.thenude.com/forum/discussion/25906/ava-icgid-ax-00ihi-35290","forumListing"
"Ava","AX-00XPM","35289","https://www.thenude.eu/Ava_35289.htm","https://www.thenude.com/forum/discussion/25905/ava-icgid-ax-00xpm-35289","forumListing"
"Ava","AX-00TUJ","35288","https://www.thenude.eu/Ava_35288.htm","https://www.thenude.com/forum/discussion/25904/ava-icgid-ax-00tuj-35288","forumListing"
"Audrey Hemingway","AH-00ZRH","35284","https://www.thenude.eu/Audrey_Hemingway_35284.htm","https://www.thenude.com/forum/discussion/25900/audrey-hemingway-icgid-ah-00zrh-35284","forumListing"
"Audrey","AX-00R5I","35283","https://www.thenude.eu/Audrey_35283.htm","https://www.thenude.com/forum/discussion/25899/audrey-icgid-ax-00r5i-35283","forumListing"
"Aubrey","AX-00JLP","35280","https://www.thenude.eu/Aubrey_35280.htm","https://www.thenude.com/forum/discussion/25896/aubrey-icgid-ax-00jlp-35280","forumListing"
"Atlanta","AX-00HZJ","35279","https://www.thenude.eu/Atlanta_35279.htm","https://www.thenude.com/forum/discussion/25895/atlanta-icgid-ax-00hzj-35279","forumListing"
"Athena","AX-005LY","35278","https://www.thenude.eu/Athena_35278.htm","https://www.thenude.com/forum/discussion/25894/athena-icgid-ax-005ly-35278","forumListing"
"Asya","AX-00FN7","35277","https://www.thenude.eu/Asya_35277.htm","https://www.thenude.com/forum/discussion/25893/asya-icgid-ax-00fn7-35277","forumListing"
"Astrid","AX-007SD","35276","https://www.thenude.eu/Astrid_35276.htm","https://www.thenude.com/forum/discussion/25892/astrid-icgid-ax-007sd-35276","forumListing"
"Aspen Stevens","AS-0086P","35275","https://www.thenude.eu/Aspen_Stevens_35275.htm","https://www.thenude.com/forum/discussion/25891/aspen-stevens-icgid-as-0086p-35275","forumListing"
"Ashley Lace","AL-00NSZ","35274","https://www.thenude.eu/Ashley_Lace_35274.htm","https://www.thenude.com/forum/discussion/25890/ashley-lace-icgid-al-00nsz-35274","forumListing"
"Ashleigh","AX-004L5","35273","https://www.thenude.eu/Ashleigh_35273.htm","https://www.thenude.com/forum/discussion/25889/ashleigh-icgid-ax-004l5-35273","forumListing"
"Wendy","WX-00SU","827","https://www.thenude.eu/Wendy_827.htm","https://www.thenude.com/forum/discussion/525/wendy-icgid-wx-00su-827","forumListing"
"Elly","EX-75S0","825","https://www.thenude.eu/Elly_825.htm","https://www.thenude.com/forum/discussion/524/elly-icgid-ex-75s0-825","forumListing"
"Vibeke","VX-00SJ","823","https://www.thenude.eu/Vibeke_823.htm","https://www.thenude.com/forum/discussion/522/vibeke-icgid-vx-00sj-823","forumListing"
"Helenna","HX-00AL","821","https://www.thenude.eu/Helenna_821.htm","https://www.thenude.com/forum/discussion/521/helenna-icgid-hx-00al-821","forumListing"
"Ivey","IX-8317","816","https://www.thenude.eu/Ivey_816.htm","https://www.thenude.com/forum/discussion/518/ivey-icgid-ix-8317-816","forumListing"
"Angele","AX-88N3","814","https://www.thenude.eu/Angele_814.htm","https://www.thenude.com/forum/discussion/517/angele-icgid-ax-88n3-814","forumListing"
"Tania","TX-003G","806","https://www.thenude.eu/Tania_806.htm","https://www.thenude.com/forum/discussion/515/tania-icgid-tx-003g-806","forumListing"
"Carina","CX-00LR","802","https://www.thenude.eu/Carina_802.htm","https://www.thenude.com/forum/discussion/513/carina-icgid-cx-00lr-802","forumListing"
"Jasmin","JX-004E","801","https://www.thenude.eu/Jasmin_801.htm","https://www.thenude.com/forum/discussion/512/jasmin-icgid-jx-004e-801","forumListing"
"Barbara","BX-00Q8","799","https://www.thenude.eu/Barbara_799.htm","https://www.thenude.com/forum/discussion/511/barbara-icgid-bx-00q8-799","forumListing"
"Annette","AX-81FZ","798","https://www.thenude.eu/Annette_798.htm","https://www.thenude.com/forum/discussion/510/annette-icgid-ax-81fz-798","forumListing"
"Zhanna","ZX-86XG","797","https://www.thenude.eu/Zhanna_797.htm","https://www.thenude.com/forum/discussion/509/zhanna-icgid-zx-86xg-797","forumListing"
"Maria","MX-004W","788","https://www.thenude.eu/Maria_788.htm","https://www.thenude.com/forum/discussion/506/maria-icgid-mx-004w-788","forumListing"
"Monica Temptem","MX-00GU","779","https://www.thenude.eu/Monica_Temptem_779.htm","https://www.thenude.com/forum/discussion/503/monica-temptem-icgid-mx-00gu-779","forumListing"
"Danka","DX-00DN","778","https://www.thenude.eu/Danka_778.htm","https://www.thenude.com/forum/discussion/502/danka-icgid-dx-00dn-778","forumListing"
"Nali Marie","NM-0063X","58573","https://www.thenude.eu/Nali_Marie_58573.htm","https://www.thenude.com/forum/discussion/52016/nali-marie-icgid-nm-0063x-58573","forumListing"
"Jazz The Stallion","JT-006EE","58574","https://www.thenude.eu/Jazz_The_Stallion_58574.htm","https://www.thenude.com/forum/discussion/52017/jazz-the-stallion-icgid-jt-006ee-58574","forumListing"
"Madison Lanez","ML-00VAT","58575","https://www.thenude.eu/Madison_Lanez_58575.htm","https://www.thenude.com/forum/discussion/52018/madison-lanez-icgid-ml-00vat-58575","forumListing"
"Ciankis","CX-000Z5","58576","https://www.thenude.eu/Ciankis_58576.htm","https://www.thenude.com/forum/discussion/52019/ciankis-icgid-cx-000z5-58576","forumListing"
"Kiki King","KK-00J5K","58579","https://www.thenude.eu/Kiki_King_58579.htm","https://www.thenude.com/forum/discussion/52022/kiki-king-icgid-kk-00j5k-58579","forumListing"
"Onyx Reign","OR-98RA5","58580","https://www.thenude.eu/Onyx_Reign_58580.htm","https://www.thenude.com/forum/discussion/52023/onyx-reign-icgid-or-98ra5-58580","forumListing"
"Kitty Cashew","KC-00NLW","58581","https://www.thenude.eu/Kitty_Cashew_58581.htm","https://www.thenude.com/forum/discussion/52024/kitty-cashew-icgid-kc-00nlw-58581","forumListing"
"Amber Bloom","AB-00MCB","58582","https://www.thenude.eu/Amber_Bloom_58582.htm","https://www.thenude.com/forum/discussion/52025/amber-bloom-icgid-ab-00mcb-58582","forumListing"
"Maisie","MX-00CSJ","58583","https://www.thenude.eu/Maisie_58583.htm","https://www.thenude.com/forum/discussion/52026/maisie-icgid-mx-00csj-58583","forumListing"
"Mia Shanti","MS-00RAA","58584","https://www.thenude.eu/Mia_Shanti_58584.htm","https://www.thenude.com/forum/discussion/52027/mia-shanti-icgid-ms-00raa-58584","forumListing"
"Loe Roe","LR-00K6G","58585","https://www.thenude.eu/Loe_Roe_58585.htm","https://www.thenude.com/forum/discussion/52028/loe-roe-icgid-lr-00k6g-58585","forumListing"
"Scarlette Moon","SM-008UT","58586","https://www.thenude.eu/Scarlette_Moon_58586.htm","https://www.thenude.com/forum/discussion/52029/scarlette-moon-icgid-sm-008ut-58586","forumListing"
"Rei Sky","RS-007T5","58587","https://www.thenude.eu/Rei_Sky_58587.htm","https://www.thenude.com/forum/discussion/52030/rei-sky-icgid-rs-007t5-58587","forumListing"
"Kora","KX-008JK","58589","https://www.thenude.eu/Kora_58589.htm","https://www.thenude.com/forum/discussion/52032/kora-icgid-kx-008jk-58589","forumListing"
"Selene Love","SL-00RX8","58590","https://www.thenude.eu/Selene_Love_58590.htm","https://www.thenude.com/forum/discussion/52033/selene-love-icgid-sl-00rx8-58590","forumListing"
