bp_001.jpg,2989777,7FA6849E,\2006-09-02__BeautyAngel-by-Rasputin\,
bp_002.jpg,3714425,25D154B4,\2006-09-02__BeautyAngel-by-Rasputin\,---=== Notes ===---
bp_003.jpg,4184285,898D5C80,\2006-09-02__BeautyAngel-by-Rasputin\,
bp_004.jpg,2855150,77EB4CE5,\2006-09-02__BeautyAngel-by-Rasputin\,This csv was updated by monsta on October 11 2006
bp_005.jpg,2361863,84DC85FC,\2006-09-02__BeautyAngel-by-Rasputin\,
bp_006.jpg,3252668,5085FDF7,\2006-09-02__BeautyAngel-by-Rasputin\,
bp_007.jpg,3146549,C446D44D,\2006-09-02__BeautyAngel-by-Rasputin\,
bp_008.jpg,3493626,CC7F6266,\2006-09-02__BeautyAngel-by-Rasputin\,The reason for going Final-1 is due to a number of images
bp_009.jpg,1978743,956820FA,\2006-09-02__BeautyAngel-by-Rasputin\,"in the ""2006-09-16__Krasa-kama-by-Rasputin"" zip file from"
bp_010.jpg,2539375,3D8C1EBD,\2006-09-02__BeautyAngel-by-Rasputin\,the site are corrupt. The individual files on the site are OK.
bp_011.jpg,2904156,B268B56D,\2006-09-02__BeautyAngel-by-Rasputin\,Thanks go to DenTikh for pointing this out to me :)
bp_012.jpg,2249475,CC663BBD,\2006-09-02__BeautyAngel-by-Rasputin\,
bp_013.jpg,1833189,16D03A85,\2006-09-02__BeautyAngel-by-Rasputin\,
bp_014.jpg,1098229,D3C981F4,\2006-09-02__BeautyAngel-by-Rasputin\,
bp_015.jpg,2816205,E45C59B1,\2006-09-02__BeautyAngel-by-Rasputin\,
bp_016.jpg,3244044,7A1384CC,\2006-09-02__BeautyAngel-by-Rasputin\,
bp_017.jpg,1505271,552C55A7,\2006-09-02__BeautyAngel-by-Rasputin\,
bp_018.jpg,2120133,FFF15B70,\2006-09-02__BeautyAngel-by-Rasputin\,
bp_019.jpg,2467396,AFA5D598,\2006-09-02__BeautyAngel-by-Rasputin\,
bp_020.jpg,1555482,418D5879,\2006-09-02__BeautyAngel-by-Rasputin\,
bp_021.jpg,2400078,D4A169A7,\2006-09-02__BeautyAngel-by-Rasputin\,
bp_022.jpg,2083220,25AF9744,\2006-09-02__BeautyAngel-by-Rasputin\,
bp_023.jpg,3167843,8EA505E2,\2006-09-02__BeautyAngel-by-Rasputin\,
bp_024.jpg,2259524,AF0C47AC,\2006-09-02__BeautyAngel-by-Rasputin\,
bp_025.jpg,2300496,4E048DB5,\2006-09-02__BeautyAngel-by-Rasputin\,
bp_026.jpg,2456833,FA0D5EFD,\2006-09-02__BeautyAngel-by-Rasputin\,
bp_027.jpg,2652966,8E512B2F,\2006-09-02__BeautyAngel-by-Rasputin\,
bp_028.jpg,3143636,3A7C82CA,\2006-09-02__BeautyAngel-by-Rasputin\,
bp_029.jpg,2312007,C479099B,\2006-09-02__BeautyAngel-by-Rasputin\,
bp_030.jpg,2185931,6FE54180,\2006-09-02__BeautyAngel-by-Rasputin\,
bp_031.jpg,3281760,730F2BA6,\2006-09-02__BeautyAngel-by-Rasputin\,
bp_032.jpg,2724049,CA71E97E,\2006-09-02__BeautyAngel-by-Rasputin\,
bp_033.jpg,3019270,B58C99E1,\2006-09-02__BeautyAngel-by-Rasputin\,
bp_034.jpg,3435720,F0EBEFE7,\2006-09-02__BeautyAngel-by-Rasputin\,
bp_035.jpg,3225288,8618936B,\2006-09-02__BeautyAngel-by-Rasputin\,
bp_036.jpg,2767710,AFA79CE3,\2006-09-02__BeautyAngel-by-Rasputin\,
bp_037.jpg,2245097,D58D7CB7,\2006-09-02__BeautyAngel-by-Rasputin\,
bp_038.jpg,2704440,C0A04157,\2006-09-02__BeautyAngel-by-Rasputin\,
bp_039.jpg,3364125,3DF13DCA,\2006-09-02__BeautyAngel-by-Rasputin\,
bp_040.jpg,3206340,E0EF3499,\2006-09-02__BeautyAngel-by-Rasputin\,
bp_041.jpg,3529406,94ADB839,\2006-09-02__BeautyAngel-by-Rasputin\,
bp_042.jpg,3639823,F13789D4,\2006-09-02__BeautyAngel-by-Rasputin\,
bp_043.jpg,2193783,BF52F939,\2006-09-02__BeautyAngel-by-Rasputin\,
bp_044.jpg,2495315,A26AFA67,\2006-09-02__BeautyAngel-by-Rasputin\,
bp_045.jpg,3045770,75195CD5,\2006-09-02__BeautyAngel-by-Rasputin\,
bp_046.jpg,3281701,76F095AE,\2006-09-02__BeautyAngel-by-Rasputin\,
bp_047.jpg,3307907,C556707A,\2006-09-02__BeautyAngel-by-Rasputin\,
bp_048.jpg,3128644,D364CD36,\2006-09-02__BeautyAngel-by-Rasputin\,
bp_049.jpg,2414608,3184BE38,\2006-09-02__BeautyAngel-by-Rasputin\,
bp_050.jpg,2861500,72080331,\2006-09-02__BeautyAngel-by-Rasputin\,
bp_051.jpg,2477118,EB72D29C,\2006-09-02__BeautyAngel-by-Rasputin\,
bp_052.jpg,2327616,00D8DFB2,\2006-09-02__BeautyAngel-by-Rasputin\,
bp_053.jpg,2624016,C2319876,\2006-09-02__BeautyAngel-by-Rasputin\,
bp_054.jpg,2185383,80D6F2C7,\2006-09-02__BeautyAngel-by-Rasputin\,
bp_055.jpg,2398114,1BA3D4DA,\2006-09-02__BeautyAngel-by-Rasputin\,
bp_056.jpg,2512444,5939C8BF,\2006-09-02__BeautyAngel-by-Rasputin\,
bp_057.jpg,3043304,0C7D7684,\2006-09-02__BeautyAngel-by-Rasputin\,
bp_058.jpg,3165162,E152DE18,\2006-09-02__BeautyAngel-by-Rasputin\,
bp_059.jpg,3157620,402E36BA,\2006-09-02__BeautyAngel-by-Rasputin\,
bp_060.jpg,2206255,70603A5E,\2006-09-02__BeautyAngel-by-Rasputin\,
bp_061.jpg,2443261,638C3D48,\2006-09-02__BeautyAngel-by-Rasputin\,
bp_062.jpg,2579651,91406A55,\2006-09-02__BeautyAngel-by-Rasputin\,
bp_063.jpg,2499421,F4B5CDFD,\2006-09-02__BeautyAngel-by-Rasputin\,
bp_064.jpg,2490094,B828CF26,\2006-09-02__BeautyAngel-by-Rasputin\,
bp_065.jpg,2212137,DEA06391,\2006-09-02__BeautyAngel-by-Rasputin\,
bp_066.jpg,2514611,EB2F91F0,\2006-09-02__BeautyAngel-by-Rasputin\,
bp_067.jpg,2618654,1DD53248,\2006-09-02__BeautyAngel-by-Rasputin\,
bp_068.jpg,2619142,AB69DDE2,\2006-09-02__BeautyAngel-by-Rasputin\,
bp_069.jpg,2973095,ED970F0B,\2006-09-02__BeautyAngel-by-Rasputin\,
bp_070.jpg,3436168,D430FF55,\2006-09-02__BeautyAngel-by-Rasputin\,
bp_071.jpg,2712245,337B9D41,\2006-09-02__BeautyAngel-by-Rasputin\,
bp_072.jpg,2792955,01BE0483,\2006-09-02__BeautyAngel-by-Rasputin\,
bp_073.jpg,2071657,C19F3FFB,\2006-09-02__BeautyAngel-by-Rasputin\,
bp_074.jpg,2421710,1A098B8D,\2006-09-02__BeautyAngel-by-Rasputin\,
bp_075.jpg,2792311,4397CEC5,\2006-09-02__BeautyAngel-by-Rasputin\,
bp_076.jpg,2151376,D05A5E1B,\2006-09-02__BeautyAngel-by-Rasputin\,
bp_077.jpg,2168908,50CF714F,\2006-09-02__BeautyAngel-by-Rasputin\,
bp_078.jpg,2031939,98FD201E,\2006-09-02__BeautyAngel-by-Rasputin\,
bp_079.jpg,2330780,355D721B,\2006-09-02__BeautyAngel-by-Rasputin\,
bp_080.jpg,2957151,3FE2E20E,\2006-09-02__BeautyAngel-by-Rasputin\,
bp_081.jpg,2750229,A8EE055D,\2006-09-02__BeautyAngel-by-Rasputin\,
bp_082.jpg,2579299,E15EB358,\2006-09-02__BeautyAngel-by-Rasputin\,
bp_083.jpg,2554619,F68EAA01,\2006-09-02__BeautyAngel-by-Rasputin\,
bp_084.jpg,2859608,12C140F7,\2006-09-02__BeautyAngel-by-Rasputin\,
bp_085.jpg,2415886,2563674C,\2006-09-02__BeautyAngel-by-Rasputin\,
bp_086.jpg,2800820,466FA8A4,\2006-09-02__BeautyAngel-by-Rasputin\,
bp_087.jpg,2845488,EB447D53,\2006-09-02__BeautyAngel-by-Rasputin\,
bp_088.jpg,2756053,FBC284B9,\2006-09-02__BeautyAngel-by-Rasputin\,
bp_089.jpg,3430916,F50EDAF3,\2006-09-02__BeautyAngel-by-Rasputin\,
bp_090.jpg,3087349,2A8D7279,\2006-09-02__BeautyAngel-by-Rasputin\,
bp_091.jpg,2408579,B92B3CC9,\2006-09-02__BeautyAngel-by-Rasputin\,
bp_092.jpg,3409884,0906B493,\2006-09-02__BeautyAngel-by-Rasputin\,
bp_093.jpg,3538268,90941D05,\2006-09-02__BeautyAngel-by-Rasputin\,
bp_094.jpg,2387792,90C26B59,\2006-09-02__BeautyAngel-by-Rasputin\,
bp_095.jpg,2626487,FFFED3AB,\2006-09-02__BeautyAngel-by-Rasputin\,
bp_096.jpg,2590959,28C8586C,\2006-09-02__BeautyAngel-by-Rasputin\,
bp_097.jpg,2422658,E0A44002,\2006-09-02__BeautyAngel-by-Rasputin\,
bp_098.jpg,3514466,CEAFABCF,\2006-09-02__BeautyAngel-by-Rasputin\,
bp_099.jpg,2726142,C8E630BF,\2006-09-02__BeautyAngel-by-Rasputin\,
bp_100.jpg,2644350,AE1D55DD,\2006-09-02__BeautyAngel-by-Rasputin\,
bp_101.jpg,4174017,73737190,\2006-09-02__BeautyAngel-by-Rasputin\,
bp_102.jpg,3081277,CA47B10F,\2006-09-02__BeautyAngel-by-Rasputin\,
bp_103.jpg,2444588,48B40E02,\2006-09-02__BeautyAngel-by-Rasputin\,
bp_104.jpg,2607769,7BB968E7,\2006-09-02__BeautyAngel-by-Rasputin\,
bp_105.jpg,2689058,D783E1FE,\2006-09-02__BeautyAngel-by-Rasputin\,
bp_106.jpg,2503298,0C4731C9,\2006-09-02__BeautyAngel-by-Rasputin\,
bp_107.jpg,2516147,AEB39FB2,\2006-09-02__BeautyAngel-by-Rasputin\,
bp_108.jpg,2608870,27D169B1,\2006-09-02__BeautyAngel-by-Rasputin\,
bp_109.jpg,2434739,43546853,\2006-09-02__BeautyAngel-by-Rasputin\,
bp_110.jpg,2483514,47299243,\2006-09-02__BeautyAngel-by-Rasputin\,
bp_111.jpg,1741370,8C159010,\2006-09-02__BeautyAngel-by-Rasputin\,
bp_112.jpg,2002153,739B8727,\2006-09-02__BeautyAngel-by-Rasputin\,
bp_113.jpg,2136933,20B1CBDF,\2006-09-02__BeautyAngel-by-Rasputin\,
bp_114.jpg,2092596,EAC5C012,\2006-09-02__BeautyAngel-by-Rasputin\,
bp_115.jpg,1799373,130B9762,\2006-09-02__BeautyAngel-by-Rasputin\,
bp_116.jpg,2079869,E2451B29,\2006-09-02__BeautyAngel-by-Rasputin\,
bp_117.jpg,2488292,88F6E6C8,\2006-09-02__BeautyAngel-by-Rasputin\,
bp_118.jpg,2726181,C6CF7EB1,\2006-09-02__BeautyAngel-by-Rasputin\,
bp_119.jpg,2580680,301982CB,\2006-09-02__BeautyAngel-by-Rasputin\,
bp_120.jpg,2435537,D8311ADD,\2006-09-02__BeautyAngel-by-Rasputin\,
bp_121.jpg,2243117,574C7489,\2006-09-02__BeautyAngel-by-Rasputin\,
bp_122.jpg,2649455,EBA5F274,\2006-09-02__BeautyAngel-by-Rasputin\,
bp_123.jpg,2719213,1F2A693B,\2006-09-02__BeautyAngel-by-Rasputin\,
bp_124.jpg,2652169,53F1E385,\2006-09-02__BeautyAngel-by-Rasputin\,
bp_125.jpg,3379207,5FEED861,\2006-09-02__BeautyAngel-by-Rasputin\,
bp_126.jpg,3344249,9A7780E0,\2006-09-02__BeautyAngel-by-Rasputin\,
bp_127.jpg,2467471,AF53C9DA,\2006-09-02__BeautyAngel-by-Rasputin\,
bp_128.jpg,2212469,3585C31E,\2006-09-02__BeautyAngel-by-Rasputin\,
bp_129.jpg,2511721,95AFBB7B,\2006-09-02__BeautyAngel-by-Rasputin\,
bp_130.jpg,1871772,58D169A2,\2006-09-02__BeautyAngel-by-Rasputin\,
bp_131.jpg,2136207,24038698,\2006-09-02__BeautyAngel-by-Rasputin\,
bp_132.jpg,3581705,43E61E97,\2006-09-02__BeautyAngel-by-Rasputin\,
bp_133.jpg,1974625,AB24652D,\2006-09-02__BeautyAngel-by-Rasputin\,
bp_134.jpg,1897780,60F91AFC,\2006-09-02__BeautyAngel-by-Rasputin\,
bp_135.jpg,2615505,0B6DCC84,\2006-09-02__BeautyAngel-by-Rasputin\,
bp_136.jpg,2488014,1D08910E,\2006-09-02__BeautyAngel-by-Rasputin\,
bp_137.jpg,2786791,BBCAFF21,\2006-09-02__BeautyAngel-by-Rasputin\,
001.jpg,15124,6B29EF2B,\2006-09-02__Sasha-by-Aivengo (video)\,
002.jpg,17668,8BF6B20A,\2006-09-02__Sasha-by-Aivengo (video)\,
003.jpg,18476,1CD2FB5A,\2006-09-02__Sasha-by-Aivengo (video)\,
004.jpg,16317,C473F43F,\2006-09-02__Sasha-by-Aivengo (video)\,
005.jpg,10931,6B8E9095,\2006-09-02__Sasha-by-Aivengo (video)\,
006.jpg,15869,060752AA,\2006-09-02__Sasha-by-Aivengo (video)\,
007.jpg,18512,5F04093B,\2006-09-02__Sasha-by-Aivengo (video)\,
008.jpg,9816,520CFA01,\2006-09-02__Sasha-by-Aivengo (video)\,
009.jpg,16496,5C7DCCEA,\2006-09-02__Sasha-by-Aivengo (video)\,
010.jpg,20648,18623127,\2006-09-02__Sasha-by-Aivengo (video)\,
011.jpg,12872,03C3F353,\2006-09-02__Sasha-by-Aivengo (video)\,
012.jpg,13161,259E2D24,\2006-09-02__Sasha-by-Aivengo (video)\,
013.jpg,18713,789BC089,\2006-09-02__Sasha-by-Aivengo (video)\,
014.jpg,20288,CDF90825,\2006-09-02__Sasha-by-Aivengo (video)\,
015.jpg,18049,E4BF9494,\2006-09-02__Sasha-by-Aivengo (video)\,
Sasha-by-Aivengo.avi,495814336,0605C9E4,\2006-09-02__Sasha-by-Aivengo (video)\,
Sasha-by-Aivengo.jpg,18004,9BAD2AA2,\2006-09-02__Sasha-by-Aivengo (video)\,
bp_001.jpg,1423979,E59B15A6,\2006-09-04__AnnaP-by-Tkachev\,
bp_002.jpg,996378,4A06468C,\2006-09-04__AnnaP-by-Tkachev\,
bp_003.jpg,1323028,10FBC260,\2006-09-04__AnnaP-by-Tkachev\,
bp_004.jpg,1458113,C2423008,\2006-09-04__AnnaP-by-Tkachev\,
bp_005.jpg,1148060,ED825721,\2006-09-04__AnnaP-by-Tkachev\,
bp_006.jpg,1514785,80520ED2,\2006-09-04__AnnaP-by-Tkachev\,
bp_007.jpg,1205591,112FBDB8,\2006-09-04__AnnaP-by-Tkachev\,
bp_008.jpg,1372433,1738A1CE,\2006-09-04__AnnaP-by-Tkachev\,
bp_009.jpg,1296449,0E5644EF,\2006-09-04__AnnaP-by-Tkachev\,
bp_010.jpg,1466290,B136613C,\2006-09-04__AnnaP-by-Tkachev\,
bp_011.jpg,1372539,5D6C1C46,\2006-09-04__AnnaP-by-Tkachev\,
bp_012.jpg,1397540,1E53048C,\2006-09-04__AnnaP-by-Tkachev\,
bp_013.jpg,1334321,09C2EB5A,\2006-09-04__AnnaP-by-Tkachev\,
bp_014.jpg,1293488,7B022A19,\2006-09-04__AnnaP-by-Tkachev\,
bp_015.jpg,1231157,F4493A83,\2006-09-04__AnnaP-by-Tkachev\,
bp_016.jpg,1263401,52038811,\2006-09-04__AnnaP-by-Tkachev\,
bp_017.jpg,1145392,51B1CF06,\2006-09-04__AnnaP-by-Tkachev\,
bp_018.jpg,1343478,B3A5F35F,\2006-09-04__AnnaP-by-Tkachev\,
bp_019.jpg,1243040,BF1787EE,\2006-09-04__AnnaP-by-Tkachev\,
bp_020.jpg,1498625,A741447F,\2006-09-04__AnnaP-by-Tkachev\,
bp_021.jpg,1496008,B5943DD7,\2006-09-04__AnnaP-by-Tkachev\,
bp_022.jpg,1339878,A2C870BC,\2006-09-04__AnnaP-by-Tkachev\,
bp_023.jpg,1284118,097BBF37,\2006-09-04__AnnaP-by-Tkachev\,
bp_024.jpg,1358994,89D682CA,\2006-09-04__AnnaP-by-Tkachev\,
bp_025.jpg,1353937,600CF5C2,\2006-09-04__AnnaP-by-Tkachev\,
bp_026.jpg,1227056,88BD946E,\2006-09-04__AnnaP-by-Tkachev\,
bp_027.jpg,1224229,31FD92A6,\2006-09-04__AnnaP-by-Tkachev\,
bp_028.jpg,1415257,FF3AC435,\2006-09-04__AnnaP-by-Tkachev\,
bp_029.jpg,1497777,C0DFB370,\2006-09-04__AnnaP-by-Tkachev\,
bp_030.jpg,1386645,217A418D,\2006-09-04__AnnaP-by-Tkachev\,
bp_031.jpg,1589344,8E0BABAE,\2006-09-04__AnnaP-by-Tkachev\,
bp_032.jpg,1021827,4C54FBCE,\2006-09-04__AnnaP-by-Tkachev\,
bp_033.jpg,1224748,94019C5F,\2006-09-04__AnnaP-by-Tkachev\,
bp_034.jpg,1262939,003587FD,\2006-09-04__AnnaP-by-Tkachev\,
bp_035.jpg,1533240,052C23BE,\2006-09-04__AnnaP-by-Tkachev\,
bp_036.jpg,1066394,F0691F93,\2006-09-04__AnnaP-by-Tkachev\,
bp_037.jpg,1316059,C35B019D,\2006-09-04__AnnaP-by-Tkachev\,
bp_038.jpg,1689849,B52A6010,\2006-09-04__AnnaP-by-Tkachev\,
bp_039.jpg,1380005,9B276FA3,\2006-09-04__AnnaP-by-Tkachev\,
bp_040.jpg,1097408,E651CABD,\2006-09-04__AnnaP-by-Tkachev\,
bp_041.jpg,1702612,37857EAB,\2006-09-04__AnnaP-by-Tkachev\,
bp_042.jpg,1501643,CDBF1F2C,\2006-09-04__AnnaP-by-Tkachev\,
bp_043.jpg,1505374,F646C134,\2006-09-04__AnnaP-by-Tkachev\,
bp_044.jpg,1271766,86492D5A,\2006-09-04__AnnaP-by-Tkachev\,
bp_045.jpg,1374433,77C62343,\2006-09-04__AnnaP-by-Tkachev\,
bp_046.jpg,968226,324A9E75,\2006-09-04__AnnaP-by-Tkachev\,
bp_047.jpg,999118,379133F5,\2006-09-04__AnnaP-by-Tkachev\,
bp_048.jpg,1028469,8EE3B323,\2006-09-04__AnnaP-by-Tkachev\,
bp_049.jpg,1109703,E2E97DC1,\2006-09-04__AnnaP-by-Tkachev\,
bp_050.jpg,1883620,2408F68B,\2006-09-04__AnnaP-by-Tkachev\,
bp_051.jpg,960705,EA020C68,\2006-09-04__AnnaP-by-Tkachev\,
bp_052.jpg,1334734,EB1736B9,\2006-09-04__AnnaP-by-Tkachev\,
bp_053.jpg,1370320,4D289800,\2006-09-04__AnnaP-by-Tkachev\,
bp_054.jpg,1312664,EB782F02,\2006-09-04__AnnaP-by-Tkachev\,
bp_055.jpg,1344027,9A9E03F1,\2006-09-04__AnnaP-by-Tkachev\,
bp_056.jpg,1096093,4D8923CA,\2006-09-04__AnnaP-by-Tkachev\,
bp_057.jpg,1372129,886D33A1,\2006-09-04__AnnaP-by-Tkachev\,
bp_058.jpg,1325359,04514E53,\2006-09-04__AnnaP-by-Tkachev\,
bp_059.jpg,1219393,83A7C2BC,\2006-09-04__AnnaP-by-Tkachev\,
bp_060.jpg,1300914,27E7796B,\2006-09-04__AnnaP-by-Tkachev\,
bp_061.jpg,1221287,54467FC1,\2006-09-04__AnnaP-by-Tkachev\,
bp_062.jpg,1445797,1A060FEC,\2006-09-04__AnnaP-by-Tkachev\,
bp_063.jpg,1649316,23102521,\2006-09-04__AnnaP-by-Tkachev\,
bp_064.jpg,1240075,AAE7CF8E,\2006-09-04__AnnaP-by-Tkachev\,
bp_065.jpg,1329318,62FEA4E3,\2006-09-04__AnnaP-by-Tkachev\,
bp_066.jpg,1007049,18896B6F,\2006-09-04__AnnaP-by-Tkachev\,
bp_067.jpg,1049936,B3E72A5B,\2006-09-04__AnnaP-by-Tkachev\,
bp_068.jpg,1029876,7E27C86F,\2006-09-04__AnnaP-by-Tkachev\,
bp_069.jpg,979227,680B9203,\2006-09-04__AnnaP-by-Tkachev\,
bp_070.jpg,969101,BA631E87,\2006-09-04__AnnaP-by-Tkachev\,
bp_071.jpg,981738,A744185F,\2006-09-04__AnnaP-by-Tkachev\,
bp_072.jpg,1207539,8332C7AE,\2006-09-04__AnnaP-by-Tkachev\,
bp_073.jpg,1948491,FFA45F80,\2006-09-04__AnnaP-by-Tkachev\,
bp_074.jpg,1086880,286F97FE,\2006-09-04__AnnaP-by-Tkachev\,
bp_075.jpg,1159052,596C0517,\2006-09-04__AnnaP-by-Tkachev\,
bp_076.jpg,808789,50DFA2AB,\2006-09-04__AnnaP-by-Tkachev\,
bp_077.jpg,911827,21B89E6B,\2006-09-04__AnnaP-by-Tkachev\,
bp_078.jpg,843579,0C4370B9,\2006-09-04__AnnaP-by-Tkachev\,
bp_079.jpg,720300,1AE4119B,\2006-09-04__AnnaP-by-Tkachev\,
bp_080.jpg,920678,04C0BCF8,\2006-09-04__AnnaP-by-Tkachev\,
bp_081.jpg,857115,666FC426,\2006-09-04__AnnaP-by-Tkachev\,
bp_082.jpg,1085391,489A72CD,\2006-09-04__AnnaP-by-Tkachev\,
bp_083.jpg,1291908,D9F752A3,\2006-09-04__AnnaP-by-Tkachev\,
bp_084.jpg,1692481,037D2BFD,\2006-09-04__AnnaP-by-Tkachev\,
bp_085.jpg,1474735,0725E78C,\2006-09-04__AnnaP-by-Tkachev\,
bp_086.jpg,1032691,2A41391B,\2006-09-04__AnnaP-by-Tkachev\,
bp_087.jpg,1414358,DD6E66A3,\2006-09-04__AnnaP-by-Tkachev\,
bp_088.jpg,1696088,67510532,\2006-09-04__AnnaP-by-Tkachev\,
bp_089.jpg,1933333,B82662A9,\2006-09-04__AnnaP-by-Tkachev\,
bp_090.jpg,1703702,D4B3CD87,\2006-09-04__AnnaP-by-Tkachev\,
bp_091.jpg,1709966,0EAC3F5E,\2006-09-04__AnnaP-by-Tkachev\,
bp_092.jpg,1817097,235E6B56,\2006-09-04__AnnaP-by-Tkachev\,
bp_093.jpg,1729918,5CC26559,\2006-09-04__AnnaP-by-Tkachev\,
bp_094.jpg,1671550,E8BFE62A,\2006-09-04__AnnaP-by-Tkachev\,
bp_095.jpg,1812606,D6F6E1A9,\2006-09-04__AnnaP-by-Tkachev\,
bp_096.jpg,1266328,2DE31F07,\2006-09-04__AnnaP-by-Tkachev\,
bp_097.jpg,2157326,4F0C1662,\2006-09-04__AnnaP-by-Tkachev\,
bp_098.jpg,772189,9C599B28,\2006-09-04__AnnaP-by-Tkachev\,
bp_099.jpg,1056039,D04A13B8,\2006-09-04__AnnaP-by-Tkachev\,
bp_100.jpg,950046,A46B41CD,\2006-09-04__AnnaP-by-Tkachev\,
bp_101.jpg,931404,A2BB68EA,\2006-09-04__AnnaP-by-Tkachev\,
bp_102.jpg,834068,5A0F65DA,\2006-09-04__AnnaP-by-Tkachev\,
bp_103.jpg,823219,B5CC5789,\2006-09-04__AnnaP-by-Tkachev\,
bp_104.jpg,1470401,8B996BA5,\2006-09-04__AnnaP-by-Tkachev\,
bp_105.jpg,1334035,1D2702CC,\2006-09-04__AnnaP-by-Tkachev\,
bp_106.jpg,1266760,1756DB6C,\2006-09-04__AnnaP-by-Tkachev\,
bp_107.jpg,1329283,C79BCA3F,\2006-09-04__AnnaP-by-Tkachev\,
bp_108.jpg,1374815,8A9DB14B,\2006-09-04__AnnaP-by-Tkachev\,
001.jpg,21365,D2D923AB,\2006-09-05__Nusia-sunset-by-EricGrass (video)\,
002.jpg,23822,060A264D,\2006-09-05__Nusia-sunset-by-EricGrass (video)\,
003.jpg,16142,F8986FDE,\2006-09-05__Nusia-sunset-by-EricGrass (video)\,
004.jpg,19693,A1C26523,\2006-09-05__Nusia-sunset-by-EricGrass (video)\,
005.jpg,24759,73950686,\2006-09-05__Nusia-sunset-by-EricGrass (video)\,
006.jpg,19606,B6DCE3AE,\2006-09-05__Nusia-sunset-by-EricGrass (video)\,
007.jpg,16080,E81D8F7F,\2006-09-05__Nusia-sunset-by-EricGrass (video)\,
008.jpg,16328,397FD460,\2006-09-05__Nusia-sunset-by-EricGrass (video)\,
009.jpg,27516,0FB8B60E,\2006-09-05__Nusia-sunset-by-EricGrass (video)\,
010.jpg,25626,D6CCA241,\2006-09-05__Nusia-sunset-by-EricGrass (video)\,
011.jpg,25489,FC9214FD,\2006-09-05__Nusia-sunset-by-EricGrass (video)\,
012.jpg,24579,A8D7D997,\2006-09-05__Nusia-sunset-by-EricGrass (video)\,
013.jpg,24630,3F9A4C9F,\2006-09-05__Nusia-sunset-by-EricGrass (video)\,
014.jpg,25397,FD2DFB55,\2006-09-05__Nusia-sunset-by-EricGrass (video)\,
Nusia-sunset-by-EricGrass.avi,351297536,841A8341,\2006-09-05__Nusia-sunset-by-EricGrass (video)\,
Nusia-sunset-by-EricGrass.jpg,19693,A1C26523,\2006-09-05__Nusia-sunset-by-EricGrass (video)\,
001.jpg,22286,4A43838B,\2006-09-05__Plona (video)\,
002.jpg,22374,C697B75A,\2006-09-05__Plona (video)\,
003.jpg,20854,2CDC4078,\2006-09-05__Plona (video)\,
004.jpg,21092,3386056B,\2006-09-05__Plona (video)\,
005.jpg,15556,348C3D70,\2006-09-05__Plona (video)\,
006.jpg,15434,9338A4A5,\2006-09-05__Plona (video)\,
007.jpg,13604,87D9BC12,\2006-09-05__Plona (video)\,
008.jpg,16734,87962421,\2006-09-05__Plona (video)\,
009.jpg,18054,1B6B1BEF,\2006-09-05__Plona (video)\,
010.jpg,17957,22D3D0CE,\2006-09-05__Plona (video)\,
011.jpg,17252,20811BFC,\2006-09-05__Plona (video)\,
012.jpg,15913,0CD759D7,\2006-09-05__Plona (video)\,
013.jpg,15931,7E9E58F1,\2006-09-05__Plona (video)\,
014.jpg,16309,46213E4D,\2006-09-05__Plona (video)\,
015.jpg,18531,A4E58964,\2006-09-05__Plona (video)\,
Plona.avi,183951574,4F663B86,\2006-09-05__Plona (video)\,
Plona.jpg,20400,1BDCE0A3,\2006-09-05__Plona (video)\,
001.jpg,18244,AEBE2C1F,\2006-09-05__Vika (video)\,
002.jpg,14121,A3C7A4C0,\2006-09-05__Vika (video)\,
003.jpg,23399,2D603002,\2006-09-05__Vika (video)\,
004.jpg,16192,EFB2F4AF,\2006-09-05__Vika (video)\,
005.jpg,18664,27CC8DAF,\2006-09-05__Vika (video)\,
006.jpg,20630,8E7AEFBD,\2006-09-05__Vika (video)\,
007.jpg,19200,A6D2135E,\2006-09-05__Vika (video)\,
008.jpg,20698,74D0CAC0,\2006-09-05__Vika (video)\,
009.jpg,16646,11A411E6,\2006-09-05__Vika (video)\,
010.jpg,19211,5873782F,\2006-09-05__Vika (video)\,
011.jpg,20753,BB943800,\2006-09-05__Vika (video)\,
012.jpg,21031,2F1593EC,\2006-09-05__Vika (video)\,
013.jpg,20626,EE4D76DF,\2006-09-05__Vika (video)\,
014.jpg,19763,FBD349B6,\2006-09-05__Vika (video)\,
Vika.avi,177043528,72C43E9B,\2006-09-05__Vika (video)\,
Vika.jpg,25031,D8BB0C7C,\2006-09-05__Vika (video)\,
bp_001.jpg,1869595,6E0C9B7F,\2006-09-06__Nata-by-EricGrass\,
bp_002.jpg,1389314,D3453314,\2006-09-06__Nata-by-EricGrass\,
bp_003.jpg,1477148,289B4124,\2006-09-06__Nata-by-EricGrass\,
bp_004.jpg,1381528,3379065C,\2006-09-06__Nata-by-EricGrass\,
bp_005.jpg,1308816,F789598B,\2006-09-06__Nata-by-EricGrass\,
bp_006.jpg,1739435,CE528AEB,\2006-09-06__Nata-by-EricGrass\,
bp_007.jpg,1567629,FFF75454,\2006-09-06__Nata-by-EricGrass\,
bp_008.jpg,1310647,86140479,\2006-09-06__Nata-by-EricGrass\,
bp_009.jpg,1247010,FAC2E1B4,\2006-09-06__Nata-by-EricGrass\,
bp_010.jpg,1318777,7F23F359,\2006-09-06__Nata-by-EricGrass\,
bp_011.jpg,1171507,A6218F6D,\2006-09-06__Nata-by-EricGrass\,
bp_012.jpg,1160079,5B52DAD8,\2006-09-06__Nata-by-EricGrass\,
bp_013.jpg,1597143,AB422C65,\2006-09-06__Nata-by-EricGrass\,
bp_014.jpg,1208353,C36CD47B,\2006-09-06__Nata-by-EricGrass\,
bp_015.jpg,1197820,C8C6556E,\2006-09-06__Nata-by-EricGrass\,
bp_016.jpg,1174346,A0522DD0,\2006-09-06__Nata-by-EricGrass\,
bp_017.jpg,1219628,1584EE9B,\2006-09-06__Nata-by-EricGrass\,
bp_018.jpg,1602351,46398857,\2006-09-06__Nata-by-EricGrass\,
bp_019.jpg,1288592,B07C03E7,\2006-09-06__Nata-by-EricGrass\,
bp_020.jpg,1955676,B8B95B33,\2006-09-06__Nata-by-EricGrass\,
bp_021.jpg,1833209,8A263F0A,\2006-09-06__Nata-by-EricGrass\,
bp_022.jpg,1741262,67E63D08,\2006-09-06__Nata-by-EricGrass\,
bp_023.jpg,1816859,58D52125,\2006-09-06__Nata-by-EricGrass\,
bp_024.jpg,1929394,C55CCBFE,\2006-09-06__Nata-by-EricGrass\,
bp_025.jpg,1615896,8A38F4E4,\2006-09-06__Nata-by-EricGrass\,
bp_026.jpg,1687169,F74D4340,\2006-09-06__Nata-by-EricGrass\,
bp_027.jpg,1695773,B480F590,\2006-09-06__Nata-by-EricGrass\,
bp_028.jpg,2050085,26855722,\2006-09-06__Nata-by-EricGrass\,
bp_029.jpg,1956339,947832AD,\2006-09-06__Nata-by-EricGrass\,
bp_030.jpg,1506342,89E0F6D4,\2006-09-06__Nata-by-EricGrass\,
bp_031.jpg,1610291,1201785C,\2006-09-06__Nata-by-EricGrass\,
bp_032.jpg,1630954,B8FE0BD9,\2006-09-06__Nata-by-EricGrass\,
bp_033.jpg,2417045,731F9B01,\2006-09-06__Nata-by-EricGrass\,
bp_034.jpg,1615109,A0EF9ACD,\2006-09-06__Nata-by-EricGrass\,
bp_035.jpg,1785304,BEFB2797,\2006-09-06__Nata-by-EricGrass\,
bp_036.jpg,1864818,86DD5425,\2006-09-06__Nata-by-EricGrass\,
bp_037.jpg,1671590,25600FDE,\2006-09-06__Nata-by-EricGrass\,
bp_038.jpg,1643097,202D5A2E,\2006-09-06__Nata-by-EricGrass\,
bp_039.jpg,1690480,0C455953,\2006-09-06__Nata-by-EricGrass\,
bp_040.jpg,1526124,2DF75BD5,\2006-09-06__Nata-by-EricGrass\,
bp_041.jpg,1720963,82579C58,\2006-09-06__Nata-by-EricGrass\,
bp_042.jpg,1485790,65A39C4E,\2006-09-06__Nata-by-EricGrass\,
bp_043.jpg,1469658,644A16FE,\2006-09-06__Nata-by-EricGrass\,
bp_044.jpg,1729223,3888B94C,\2006-09-06__Nata-by-EricGrass\,
bp_045.jpg,1474596,7380EEC2,\2006-09-06__Nata-by-EricGrass\,
bp_046.jpg,1282843,7CEBF819,\2006-09-06__Nata-by-EricGrass\,
bp_047.jpg,1358089,2CD95CAD,\2006-09-06__Nata-by-EricGrass\,
bp_048.jpg,1784806,FDF8C4F6,\2006-09-06__Nata-by-EricGrass\,
bp_049.jpg,1876713,3968BF9B,\2006-09-06__Nata-by-EricGrass\,
bp_050.jpg,1782827,0870B635,\2006-09-06__Nata-by-EricGrass\,
bp_051.jpg,1526605,EB965924,\2006-09-06__Nata-by-EricGrass\,
bp_052.jpg,1103199,5A8C527A,\2006-09-06__Nata-by-EricGrass\,
bp_053.jpg,1617083,4C57BE48,\2006-09-06__Nata-by-EricGrass\,
bp_054.jpg,1223720,2E3CED11,\2006-09-06__Nata-by-EricGrass\,
bp_055.jpg,1696512,2C06CD46,\2006-09-06__Nata-by-EricGrass\,
bp_056.jpg,1142398,1CC69961,\2006-09-06__Nata-by-EricGrass\,
bp_057.jpg,1641594,44C8DA54,\2006-09-06__Nata-by-EricGrass\,
bp_058.jpg,1426889,D049396B,\2006-09-06__Nata-by-EricGrass\,
bp_059.jpg,1011889,E1C80D47,\2006-09-06__Nata-by-EricGrass\,
bp_060.jpg,1768840,F332467B,\2006-09-06__Nata-by-EricGrass\,
bp_061.jpg,1486929,4FEDF756,\2006-09-06__Nata-by-EricGrass\,
bp_062.jpg,1553999,90A3B64E,\2006-09-06__Nata-by-EricGrass\,
bp_063.jpg,1208132,59CAC7B9,\2006-09-06__Nata-by-EricGrass\,
bp_064.jpg,1218957,82E510FC,\2006-09-06__Nata-by-EricGrass\,
bp_065.jpg,1417332,7AF03CB3,\2006-09-06__Nata-by-EricGrass\,
bp_066.jpg,1694778,0D4D91F3,\2006-09-06__Nata-by-EricGrass\,
bp_067.jpg,1380758,695D7690,\2006-09-06__Nata-by-EricGrass\,
bp_068.jpg,1447691,EA5E80EF,\2006-09-06__Nata-by-EricGrass\,
bp_069.jpg,1257178,4366A500,\2006-09-06__Nata-by-EricGrass\,
bp_070.jpg,1631175,9B8181E0,\2006-09-06__Nata-by-EricGrass\,
bp_071.jpg,1594014,C6844F79,\2006-09-06__Nata-by-EricGrass\,
bp_072.jpg,1652858,25E34172,\2006-09-06__Nata-by-EricGrass\,
bp_073.jpg,1706859,4CFD6EBA,\2006-09-06__Nata-by-EricGrass\,
bp_074.jpg,1610742,F8EEC4A4,\2006-09-06__Nata-by-EricGrass\,
bp_075.jpg,2099934,C6D15C98,\2006-09-06__Nata-by-EricGrass\,
bp_076.jpg,1838881,4F2168B6,\2006-09-06__Nata-by-EricGrass\,
bp_077.jpg,1495323,588AD400,\2006-09-06__Nata-by-EricGrass\,
bp_078.jpg,1360061,C178FE88,\2006-09-06__Nata-by-EricGrass\,
bp_079.jpg,1515326,AC6A499D,\2006-09-06__Nata-by-EricGrass\,
bp_080.jpg,1615483,0D704117,\2006-09-06__Nata-by-EricGrass\,
bp_081.jpg,1507096,658A1230,\2006-09-06__Nata-by-EricGrass\,
bp_082.jpg,1597502,D3B470A0,\2006-09-06__Nata-by-EricGrass\,
bp_083.jpg,1553315,91E658C9,\2006-09-06__Nata-by-EricGrass\,
bp_084.jpg,1399534,9201FC7B,\2006-09-06__Nata-by-EricGrass\,
bp_085.jpg,1338834,2F6D0178,\2006-09-06__Nata-by-EricGrass\,
bp_086.jpg,1737429,4E682D63,\2006-09-06__Nata-by-EricGrass\,
bp_087.jpg,1093027,DEEEB6C9,\2006-09-06__Nata-by-EricGrass\,
bp_088.jpg,1338581,F3863265,\2006-09-06__Nata-by-EricGrass\,
bp_089.jpg,1524725,06AF4092,\2006-09-06__Nata-by-EricGrass\,
bp_090.jpg,1500097,D59008CA,\2006-09-06__Nata-by-EricGrass\,
bp_091.jpg,1425185,87D7D9F5,\2006-09-06__Nata-by-EricGrass\,
bp_092.jpg,1483994,40E4D743,\2006-09-06__Nata-by-EricGrass\,
bp_093.jpg,1630992,EEE0381D,\2006-09-06__Nata-by-EricGrass\,
bp_094.jpg,1698487,DB1FCA0A,\2006-09-06__Nata-by-EricGrass\,
bp_095.jpg,1436337,DD9EFF81,\2006-09-06__Nata-by-EricGrass\,
bp_096.jpg,1140433,24A7F242,\2006-09-06__Nata-by-EricGrass\,
bp_097.jpg,1531400,E32C93AF,\2006-09-06__Nata-by-EricGrass\,
bp_098.jpg,1724108,D3A36040,\2006-09-06__Nata-by-EricGrass\,
bp_099.jpg,1649055,3A9B2929,\2006-09-06__Nata-by-EricGrass\,
bp_100.jpg,1574024,B9EC221C,\2006-09-06__Nata-by-EricGrass\,
bp_101.jpg,1603171,2AB998C0,\2006-09-06__Nata-by-EricGrass\,
bp_102.jpg,1591433,F500E559,\2006-09-06__Nata-by-EricGrass\,
bp_103.jpg,2064088,BEBA409F,\2006-09-06__Nata-by-EricGrass\,
bp_104.jpg,1317705,63C9CF5B,\2006-09-06__Nata-by-EricGrass\,
bp_105.jpg,2162284,DA5BE810,\2006-09-06__Nata-by-EricGrass\,
bp_106.jpg,1511510,C0779C6E,\2006-09-06__Nata-by-EricGrass\,
bp_107.jpg,2537174,B4E7AEDE,\2006-09-06__Nata-by-EricGrass\,
bp_108.jpg,1637873,2F5D146B,\2006-09-06__Nata-by-EricGrass\,
bp_109.jpg,2177767,91526A37,\2006-09-06__Nata-by-EricGrass\,
bp_110.jpg,1379003,90BE240C,\2006-09-06__Nata-by-EricGrass\,
bp_111.jpg,1285266,9A6D8C47,\2006-09-06__Nata-by-EricGrass\,
bp_112.jpg,1299002,884ED941,\2006-09-06__Nata-by-EricGrass\,
bp_113.jpg,908074,98C2381D,\2006-09-06__Nata-by-EricGrass\,
bp_114.jpg,923442,1DC158C5,\2006-09-06__Nata-by-EricGrass\,
bp_115.jpg,1134836,7AAE4204,\2006-09-06__Nata-by-EricGrass\,
bp_116.jpg,1270224,0373025F,\2006-09-06__Nata-by-EricGrass\,
bp_117.jpg,949141,44E218FD,\2006-09-06__Nata-by-EricGrass\,
bp_118.jpg,1100500,34757A94,\2006-09-06__Nata-by-EricGrass\,
bp_119.jpg,1232653,EC803FF9,\2006-09-06__Nata-by-EricGrass\,
bp_120.jpg,2639250,15D0A788,\2006-09-06__Nata-by-EricGrass\,
bp_121.jpg,2421796,D20FF350,\2006-09-06__Nata-by-EricGrass\,
bp_122.jpg,1694599,BE53CF9D,\2006-09-06__Nata-by-EricGrass\,
bp_123.jpg,1342977,EFD70D5A,\2006-09-06__Nata-by-EricGrass\,
bp_124.jpg,2066554,C444F9F8,\2006-09-06__Nata-by-EricGrass\,
bp_125.jpg,1103869,5D2C12D2,\2006-09-06__Nata-by-EricGrass\,
bp_126.jpg,1072764,B097BD5A,\2006-09-06__Nata-by-EricGrass\,
bp_127.jpg,1067070,F67FC61C,\2006-09-06__Nata-by-EricGrass\,
bp_128.jpg,2275498,F23511E0,\2006-09-06__Nata-by-EricGrass\,
bp_129.jpg,1258862,633DA792,\2006-09-06__Nata-by-EricGrass\,
bp_130.jpg,1640324,AC80FC44,\2006-09-06__Nata-by-EricGrass\,
bp_001.jpg,2003418,3CFA3F35,\2006-09-08__Alenka-White-Stocking-by-Maker\,
bp_002.jpg,2010885,EFCF4361,\2006-09-08__Alenka-White-Stocking-by-Maker\,
bp_003.jpg,1993437,8C64ABAF,\2006-09-08__Alenka-White-Stocking-by-Maker\,
bp_004.jpg,1974769,2D6B5E64,\2006-09-08__Alenka-White-Stocking-by-Maker\,
bp_005.jpg,1912653,55E7EBCF,\2006-09-08__Alenka-White-Stocking-by-Maker\,
bp_006.jpg,1983554,6C83FA6A,\2006-09-08__Alenka-White-Stocking-by-Maker\,
bp_007.jpg,2027794,D56BAA47,\2006-09-08__Alenka-White-Stocking-by-Maker\,
bp_008.jpg,1973811,E2E2C41C,\2006-09-08__Alenka-White-Stocking-by-Maker\,
bp_009.jpg,2010733,C6D798B5,\2006-09-08__Alenka-White-Stocking-by-Maker\,
bp_010.jpg,1968504,1D4EB4DF,\2006-09-08__Alenka-White-Stocking-by-Maker\,
bp_011.jpg,1926805,BC238EF8,\2006-09-08__Alenka-White-Stocking-by-Maker\,
bp_012.jpg,1913041,303F6991,\2006-09-08__Alenka-White-Stocking-by-Maker\,
bp_013.jpg,1971444,090DF804,\2006-09-08__Alenka-White-Stocking-by-Maker\,
bp_014.jpg,1983875,B98BB25B,\2006-09-08__Alenka-White-Stocking-by-Maker\,
bp_015.jpg,1974739,343FBF67,\2006-09-08__Alenka-White-Stocking-by-Maker\,
bp_016.jpg,1980938,2D3FD68E,\2006-09-08__Alenka-White-Stocking-by-Maker\,
bp_017.jpg,2021823,D50A3EB5,\2006-09-08__Alenka-White-Stocking-by-Maker\,
bp_018.jpg,2016029,FD0B84FA,\2006-09-08__Alenka-White-Stocking-by-Maker\,
bp_019.jpg,1997450,52D0C0BA,\2006-09-08__Alenka-White-Stocking-by-Maker\,
bp_020.jpg,1969887,BE8EA3EA,\2006-09-08__Alenka-White-Stocking-by-Maker\,
bp_021.jpg,2033115,E8F98577,\2006-09-08__Alenka-White-Stocking-by-Maker\,
bp_022.jpg,2016654,BCA6356E,\2006-09-08__Alenka-White-Stocking-by-Maker\,
bp_023.jpg,1949664,5415046E,\2006-09-08__Alenka-White-Stocking-by-Maker\,
bp_024.jpg,1920847,B8C32018,\2006-09-08__Alenka-White-Stocking-by-Maker\,
bp_025.jpg,1986707,90FDDA7B,\2006-09-08__Alenka-White-Stocking-by-Maker\,
bp_026.jpg,1978355,B1A20E64,\2006-09-08__Alenka-White-Stocking-by-Maker\,
bp_027.jpg,2029059,911D93A4,\2006-09-08__Alenka-White-Stocking-by-Maker\,
bp_028.jpg,1883739,D0F084CE,\2006-09-08__Alenka-White-Stocking-by-Maker\,
bp_029.jpg,1900069,BC6D38B5,\2006-09-08__Alenka-White-Stocking-by-Maker\,
bp_030.jpg,1777474,51BC4DC8,\2006-09-08__Alenka-White-Stocking-by-Maker\,
bp_031.jpg,2034308,05E937CF,\2006-09-08__Alenka-White-Stocking-by-Maker\,
bp_032.jpg,2037144,F107D45D,\2006-09-08__Alenka-White-Stocking-by-Maker\,
bp_033.jpg,2037988,91EDBBEF,\2006-09-08__Alenka-White-Stocking-by-Maker\,
bp_034.jpg,2043110,515B15AA,\2006-09-08__Alenka-White-Stocking-by-Maker\,
bp_035.jpg,1969436,6EDAA4A2,\2006-09-08__Alenka-White-Stocking-by-Maker\,
bp_036.jpg,1973516,101450F3,\2006-09-08__Alenka-White-Stocking-by-Maker\,
bp_037.jpg,2006398,1B080546,\2006-09-08__Alenka-White-Stocking-by-Maker\,
bp_038.jpg,1987789,C1DBFB33,\2006-09-08__Alenka-White-Stocking-by-Maker\,
bp_039.jpg,1962592,9F0D147D,\2006-09-08__Alenka-White-Stocking-by-Maker\,
bp_040.jpg,1998587,83883099,\2006-09-08__Alenka-White-Stocking-by-Maker\,
bp_041.jpg,2047705,6D1C5F00,\2006-09-08__Alenka-White-Stocking-by-Maker\,
bp_042.jpg,2021467,47191699,\2006-09-08__Alenka-White-Stocking-by-Maker\,
bp_043.jpg,2007278,5B4D7794,\2006-09-08__Alenka-White-Stocking-by-Maker\,
bp_044.jpg,2007814,0E153351,\2006-09-08__Alenka-White-Stocking-by-Maker\,
bp_045.jpg,2010380,264B2EEB,\2006-09-08__Alenka-White-Stocking-by-Maker\,
bp_046.jpg,2011076,98DEE59A,\2006-09-08__Alenka-White-Stocking-by-Maker\,
bp_047.jpg,2026674,D8422B0D,\2006-09-08__Alenka-White-Stocking-by-Maker\,
bp_048.jpg,2016825,FC747EE7,\2006-09-08__Alenka-White-Stocking-by-Maker\,
bp_049.jpg,1978906,D068AA10,\2006-09-08__Alenka-White-Stocking-by-Maker\,
bp_050.jpg,2019586,5AD2CD6D,\2006-09-08__Alenka-White-Stocking-by-Maker\,
bp_051.jpg,2012616,F52705B6,\2006-09-08__Alenka-White-Stocking-by-Maker\,
bp_052.jpg,2044756,5E19E213,\2006-09-08__Alenka-White-Stocking-by-Maker\,
bp_053.jpg,1889108,20C4637D,\2006-09-08__Alenka-White-Stocking-by-Maker\,
bp_054.jpg,1903780,4EA40837,\2006-09-08__Alenka-White-Stocking-by-Maker\,
bp_055.jpg,2001965,388C7ED1,\2006-09-08__Alenka-White-Stocking-by-Maker\,
bp_056.jpg,1960609,935C103D,\2006-09-08__Alenka-White-Stocking-by-Maker\,
bp_057.jpg,1870798,5D6E42CB,\2006-09-08__Alenka-White-Stocking-by-Maker\,
bp_058.jpg,1996586,7892EC1F,\2006-09-08__Alenka-White-Stocking-by-Maker\,
bp_059.jpg,1995570,54705BFC,\2006-09-08__Alenka-White-Stocking-by-Maker\,
bp_060.jpg,1875948,65CE2F06,\2006-09-08__Alenka-White-Stocking-by-Maker\,
bp_061.jpg,2023439,15008983,\2006-09-08__Alenka-White-Stocking-by-Maker\,
bp_062.jpg,1957764,88AE425D,\2006-09-08__Alenka-White-Stocking-by-Maker\,
bp_063.jpg,1896197,815A72B9,\2006-09-08__Alenka-White-Stocking-by-Maker\,
bp_064.jpg,1993063,B109F78B,\2006-09-08__Alenka-White-Stocking-by-Maker\,
bp_065.jpg,2005723,7AFE0D84,\2006-09-08__Alenka-White-Stocking-by-Maker\,
bp_066.jpg,2026562,AB17E718,\2006-09-08__Alenka-White-Stocking-by-Maker\,
bp_067.jpg,1963997,409FF80D,\2006-09-08__Alenka-White-Stocking-by-Maker\,
bp_068.jpg,2001577,33DEAF7F,\2006-09-08__Alenka-White-Stocking-by-Maker\,
bp_069.jpg,1878771,BECE98F0,\2006-09-08__Alenka-White-Stocking-by-Maker\,
bp_070.jpg,2014245,B5038A9A,\2006-09-08__Alenka-White-Stocking-by-Maker\,
bp_071.jpg,1978988,96CD5A6A,\2006-09-08__Alenka-White-Stocking-by-Maker\,
bp_072.jpg,1828297,8A319B73,\2006-09-08__Alenka-White-Stocking-by-Maker\,
bp_073.jpg,1862286,183974F1,\2006-09-08__Alenka-White-Stocking-by-Maker\,
bp_074.jpg,1960143,7F4F618F,\2006-09-08__Alenka-White-Stocking-by-Maker\,
bp_075.jpg,2045486,EB46EB62,\2006-09-08__Alenka-White-Stocking-by-Maker\,
bp_076.jpg,2036847,88199B61,\2006-09-08__Alenka-White-Stocking-by-Maker\,
bp_077.jpg,1827512,6D40AD90,\2006-09-08__Alenka-White-Stocking-by-Maker\,
bp_078.jpg,1967211,8326B2D4,\2006-09-08__Alenka-White-Stocking-by-Maker\,
bp_079.jpg,1992097,8A288756,\2006-09-08__Alenka-White-Stocking-by-Maker\,
bp_080.jpg,2015908,49A7479E,\2006-09-08__Alenka-White-Stocking-by-Maker\,
bp_081.jpg,2008613,8D140159,\2006-09-08__Alenka-White-Stocking-by-Maker\,
bp_082.jpg,2024921,682F31BC,\2006-09-08__Alenka-White-Stocking-by-Maker\,
bp_083.jpg,2068185,A6103C45,\2006-09-08__Alenka-White-Stocking-by-Maker\,
bp_084.jpg,1880481,AF6A7DED,\2006-09-08__Alenka-White-Stocking-by-Maker\,
bp_085.jpg,1980621,CAA06E6B,\2006-09-08__Alenka-White-Stocking-by-Maker\,
bp_086.jpg,2005679,AC83AFE0,\2006-09-08__Alenka-White-Stocking-by-Maker\,
bp_087.jpg,2046693,ADF5B282,\2006-09-08__Alenka-White-Stocking-by-Maker\,
bp_088.jpg,2054418,18595551,\2006-09-08__Alenka-White-Stocking-by-Maker\,
bp_089.jpg,1960384,FE839C8C,\2006-09-08__Alenka-White-Stocking-by-Maker\,
bp_090.jpg,1904116,0FF15B21,\2006-09-08__Alenka-White-Stocking-by-Maker\,
bp_091.jpg,1971925,68B0CBA9,\2006-09-08__Alenka-White-Stocking-by-Maker\,
bp_092.jpg,2049761,8FC0494F,\2006-09-08__Alenka-White-Stocking-by-Maker\,
bp_093.jpg,1926701,3C3A987C,\2006-09-08__Alenka-White-Stocking-by-Maker\,
bp_094.jpg,2068670,550077C3,\2006-09-08__Alenka-White-Stocking-by-Maker\,
bp_095.jpg,2036774,D30B0530,\2006-09-08__Alenka-White-Stocking-by-Maker\,
bp_096.jpg,1964555,1C07FAAD,\2006-09-08__Alenka-White-Stocking-by-Maker\,
bp_097.jpg,1945513,36C519FA,\2006-09-08__Alenka-White-Stocking-by-Maker\,
bp_098.jpg,1922122,986B3AE0,\2006-09-08__Alenka-White-Stocking-by-Maker\,
bp_099.jpg,1896193,D9DD7EEC,\2006-09-08__Alenka-White-Stocking-by-Maker\,
bp_100.jpg,2037471,A063093D,\2006-09-08__Alenka-White-Stocking-by-Maker\,
bp_101.jpg,1961921,9956C4C7,\2006-09-08__Alenka-White-Stocking-by-Maker\,
bp_102.jpg,2033031,6D7A2342,\2006-09-08__Alenka-White-Stocking-by-Maker\,
bp_103.jpg,2018802,68D484A3,\2006-09-08__Alenka-White-Stocking-by-Maker\,
bp_104.jpg,1944904,8C6BCA32,\2006-09-08__Alenka-White-Stocking-by-Maker\,
bp_105.jpg,1967111,CDF15AF5,\2006-09-08__Alenka-White-Stocking-by-Maker\,
bp_106.jpg,1980274,D0FBAA66,\2006-09-08__Alenka-White-Stocking-by-Maker\,
bp_107.jpg,2048830,A9319C82,\2006-09-08__Alenka-White-Stocking-by-Maker\,
bp_108.jpg,1956581,EAE304EA,\2006-09-08__Alenka-White-Stocking-by-Maker\,
bp_109.jpg,2021398,D4364199,\2006-09-08__Alenka-White-Stocking-by-Maker\,
bp_110.jpg,1926315,3630F3B1,\2006-09-08__Alenka-White-Stocking-by-Maker\,
bp_111.jpg,1989946,645FC479,\2006-09-08__Alenka-White-Stocking-by-Maker\,
bp_112.jpg,2058331,E51EC256,\2006-09-08__Alenka-White-Stocking-by-Maker\,
bp_113.jpg,1971410,BFAA9E94,\2006-09-08__Alenka-White-Stocking-by-Maker\,
bp_114.jpg,1966241,E46627A4,\2006-09-08__Alenka-White-Stocking-by-Maker\,
bp_115.jpg,1952126,57E7B5AE,\2006-09-08__Alenka-White-Stocking-by-Maker\,
bp_116.jpg,1933016,DFE4F742,\2006-09-08__Alenka-White-Stocking-by-Maker\,
bp_117.jpg,1977244,CAAE733D,\2006-09-08__Alenka-White-Stocking-by-Maker\,
bp_118.jpg,1994646,7FC0EF91,\2006-09-08__Alenka-White-Stocking-by-Maker\,
bp_119.jpg,1999780,A7076BE8,\2006-09-08__Alenka-White-Stocking-by-Maker\,
bp_120.jpg,1817615,57CEE4FC,\2006-09-08__Alenka-White-Stocking-by-Maker\,
bp_121.jpg,1754967,B531A69D,\2006-09-08__Alenka-White-Stocking-by-Maker\,
bp_122.jpg,1909674,AA57E902,\2006-09-08__Alenka-White-Stocking-by-Maker\,
bp_123.jpg,2017720,81AE1EB3,\2006-09-08__Alenka-White-Stocking-by-Maker\,
bp_124.jpg,1912101,198589A9,\2006-09-08__Alenka-White-Stocking-by-Maker\,
bp_125.jpg,1764589,63E942BF,\2006-09-08__Alenka-White-Stocking-by-Maker\,
bp_126.jpg,2050535,A061ECFA,\2006-09-08__Alenka-White-Stocking-by-Maker\,
bp_127.jpg,1793684,7F11C397,\2006-09-08__Alenka-White-Stocking-by-Maker\,
bp_128.jpg,1946331,A5889F1F,\2006-09-08__Alenka-White-Stocking-by-Maker\,
bp_129.jpg,1879659,6C631115,\2006-09-08__Alenka-White-Stocking-by-Maker\,
bp_130.jpg,2073171,02EE888E,\2006-09-08__Alenka-White-Stocking-by-Maker\,
bp_131.jpg,1949821,961C4339,\2006-09-08__Alenka-White-Stocking-by-Maker\,
bp_132.jpg,1890679,A2F08F7C,\2006-09-08__Alenka-White-Stocking-by-Maker\,
bp_133.jpg,1907417,2A4A28E2,\2006-09-08__Alenka-White-Stocking-by-Maker\,
bp_134.jpg,1908207,73B612A7,\2006-09-08__Alenka-White-Stocking-by-Maker\,
bp_135.jpg,1876097,6C89F10B,\2006-09-08__Alenka-White-Stocking-by-Maker\,
bp_136.jpg,1970794,6C391CBE,\2006-09-08__Alenka-White-Stocking-by-Maker\,
bp_137.jpg,1957217,DEF048F4,\2006-09-08__Alenka-White-Stocking-by-Maker\,
bp_138.jpg,1936068,6D856646,\2006-09-08__Alenka-White-Stocking-by-Maker\,
bp_001.jpg,1912614,42A39EE2,\2006-09-10__Aliz-Umbrella-by-Maker\,
bp_002.jpg,1980265,51531842,\2006-09-10__Aliz-Umbrella-by-Maker\,
bp_003.jpg,2003663,FD691DFA,\2006-09-10__Aliz-Umbrella-by-Maker\,
bp_004.jpg,2010882,ADAC4F9A,\2006-09-10__Aliz-Umbrella-by-Maker\,
bp_005.jpg,1983875,B938A9B0,\2006-09-10__Aliz-Umbrella-by-Maker\,
bp_006.jpg,1958905,EB8D02C9,\2006-09-10__Aliz-Umbrella-by-Maker\,
bp_007.jpg,1962868,3EFF4954,\2006-09-10__Aliz-Umbrella-by-Maker\,
bp_008.jpg,1960679,03E3A4E1,\2006-09-10__Aliz-Umbrella-by-Maker\,
bp_009.jpg,1978186,C8B40462,\2006-09-10__Aliz-Umbrella-by-Maker\,
bp_010.jpg,1968523,131C1E15,\2006-09-10__Aliz-Umbrella-by-Maker\,
bp_011.jpg,1957882,BA043989,\2006-09-10__Aliz-Umbrella-by-Maker\,
bp_012.jpg,1955250,FE564E92,\2006-09-10__Aliz-Umbrella-by-Maker\,
bp_013.jpg,1936018,4229740D,\2006-09-10__Aliz-Umbrella-by-Maker\,
bp_014.jpg,1970406,19C31332,\2006-09-10__Aliz-Umbrella-by-Maker\,
bp_015.jpg,1934009,D3582D8F,\2006-09-10__Aliz-Umbrella-by-Maker\,
bp_016.jpg,1861464,3268D2BD,\2006-09-10__Aliz-Umbrella-by-Maker\,
bp_017.jpg,1949581,CBFD9E73,\2006-09-10__Aliz-Umbrella-by-Maker\,
bp_018.jpg,1960085,BB532786,\2006-09-10__Aliz-Umbrella-by-Maker\,
bp_019.jpg,1946562,456BB115,\2006-09-10__Aliz-Umbrella-by-Maker\,
bp_020.jpg,1955902,4B86B2DD,\2006-09-10__Aliz-Umbrella-by-Maker\,
bp_021.jpg,1888721,3F234640,\2006-09-10__Aliz-Umbrella-by-Maker\,
bp_022.jpg,1859300,EA71A858,\2006-09-10__Aliz-Umbrella-by-Maker\,
bp_023.jpg,1969564,2BE15488,\2006-09-10__Aliz-Umbrella-by-Maker\,
bp_024.jpg,1949368,6215CCFC,\2006-09-10__Aliz-Umbrella-by-Maker\,
bp_025.jpg,1953674,13CFA159,\2006-09-10__Aliz-Umbrella-by-Maker\,
bp_026.jpg,1967149,BEEA9DE3,\2006-09-10__Aliz-Umbrella-by-Maker\,
bp_027.jpg,1930556,AEB66314,\2006-09-10__Aliz-Umbrella-by-Maker\,
bp_028.jpg,1901778,F42360B7,\2006-09-10__Aliz-Umbrella-by-Maker\,
bp_029.jpg,1982820,49457EA0,\2006-09-10__Aliz-Umbrella-by-Maker\,
bp_030.jpg,1943716,A3AAC060,\2006-09-10__Aliz-Umbrella-by-Maker\,
bp_031.jpg,1981314,929B2AF3,\2006-09-10__Aliz-Umbrella-by-Maker\,
bp_032.jpg,1903744,6242EEAC,\2006-09-10__Aliz-Umbrella-by-Maker\,
bp_033.jpg,1951211,9ACEB9AF,\2006-09-10__Aliz-Umbrella-by-Maker\,
bp_034.jpg,1972840,8771199A,\2006-09-10__Aliz-Umbrella-by-Maker\,
bp_035.jpg,1909388,41165ADE,\2006-09-10__Aliz-Umbrella-by-Maker\,
bp_036.jpg,1945404,05DF4FEA,\2006-09-10__Aliz-Umbrella-by-Maker\,
bp_037.jpg,1890434,F8735917,\2006-09-10__Aliz-Umbrella-by-Maker\,
bp_038.jpg,1999421,2C3B266C,\2006-09-10__Aliz-Umbrella-by-Maker\,
bp_039.jpg,1941686,65596101,\2006-09-10__Aliz-Umbrella-by-Maker\,
bp_040.jpg,1953800,B1A343FB,\2006-09-10__Aliz-Umbrella-by-Maker\,
bp_041.jpg,1980325,6406185A,\2006-09-10__Aliz-Umbrella-by-Maker\,
bp_042.jpg,1948893,04A96590,\2006-09-10__Aliz-Umbrella-by-Maker\,
bp_043.jpg,1920998,A963E1AB,\2006-09-10__Aliz-Umbrella-by-Maker\,
bp_044.jpg,1964652,C2C34740,\2006-09-10__Aliz-Umbrella-by-Maker\,
bp_045.jpg,1930290,6EF7BAE3,\2006-09-10__Aliz-Umbrella-by-Maker\,
bp_046.jpg,1965777,8285261E,\2006-09-10__Aliz-Umbrella-by-Maker\,
bp_047.jpg,1992518,FE89E85A,\2006-09-10__Aliz-Umbrella-by-Maker\,
bp_048.jpg,1916704,511B573B,\2006-09-10__Aliz-Umbrella-by-Maker\,
bp_049.jpg,1960302,A017DB42,\2006-09-10__Aliz-Umbrella-by-Maker\,
bp_050.jpg,1937424,C8161483,\2006-09-10__Aliz-Umbrella-by-Maker\,
bp_051.jpg,1915651,4B537A1E,\2006-09-10__Aliz-Umbrella-by-Maker\,
bp_052.jpg,1935272,3570A946,\2006-09-10__Aliz-Umbrella-by-Maker\,
bp_053.jpg,1867146,A9BC3C3C,\2006-09-10__Aliz-Umbrella-by-Maker\,
bp_054.jpg,1988126,AE993990,\2006-09-10__Aliz-Umbrella-by-Maker\,
bp_055.jpg,1934598,1AA3FD44,\2006-09-10__Aliz-Umbrella-by-Maker\,
bp_056.jpg,2002613,830390D4,\2006-09-10__Aliz-Umbrella-by-Maker\,
bp_057.jpg,1899887,55A10E28,\2006-09-10__Aliz-Umbrella-by-Maker\,
bp_058.jpg,1990787,5C507C52,\2006-09-10__Aliz-Umbrella-by-Maker\,
bp_059.jpg,2004968,20EE98A1,\2006-09-10__Aliz-Umbrella-by-Maker\,
bp_060.jpg,1998800,9FAC4E4C,\2006-09-10__Aliz-Umbrella-by-Maker\,
bp_061.jpg,1954562,C4EFD67C,\2006-09-10__Aliz-Umbrella-by-Maker\,
bp_062.jpg,1937571,B80F117B,\2006-09-10__Aliz-Umbrella-by-Maker\,
bp_063.jpg,1913039,79E492DA,\2006-09-10__Aliz-Umbrella-by-Maker\,
bp_064.jpg,2006096,4F7E913D,\2006-09-10__Aliz-Umbrella-by-Maker\,
bp_065.jpg,1948328,59AF9E73,\2006-09-10__Aliz-Umbrella-by-Maker\,
bp_066.jpg,1955993,024B84F6,\2006-09-10__Aliz-Umbrella-by-Maker\,
bp_067.jpg,1924295,67F6D6DB,\2006-09-10__Aliz-Umbrella-by-Maker\,
bp_068.jpg,2018266,C4873DDF,\2006-09-10__Aliz-Umbrella-by-Maker\,
bp_069.jpg,1983409,BEAF574E,\2006-09-10__Aliz-Umbrella-by-Maker\,
bp_070.jpg,1962527,B7793C0A,\2006-09-10__Aliz-Umbrella-by-Maker\,
bp_071.jpg,1906911,B20E8EFE,\2006-09-10__Aliz-Umbrella-by-Maker\,
bp_072.jpg,1954614,B5B995F3,\2006-09-10__Aliz-Umbrella-by-Maker\,
bp_073.jpg,2018574,FC3792B1,\2006-09-10__Aliz-Umbrella-by-Maker\,
bp_074.jpg,2015297,A24352D9,\2006-09-10__Aliz-Umbrella-by-Maker\,
bp_075.jpg,1932098,9273458C,\2006-09-10__Aliz-Umbrella-by-Maker\,
bp_076.jpg,1979422,55093E0B,\2006-09-10__Aliz-Umbrella-by-Maker\,
bp_077.jpg,1944855,8425F7DF,\2006-09-10__Aliz-Umbrella-by-Maker\,
bp_078.jpg,1885079,E7961C62,\2006-09-10__Aliz-Umbrella-by-Maker\,
bp_079.jpg,1919890,EED4C45F,\2006-09-10__Aliz-Umbrella-by-Maker\,
bp_080.jpg,1898857,63D23E2E,\2006-09-10__Aliz-Umbrella-by-Maker\,
bp_081.jpg,1908304,685EEA97,\2006-09-10__Aliz-Umbrella-by-Maker\,
bp_082.jpg,2013756,F7EF1F33,\2006-09-10__Aliz-Umbrella-by-Maker\,
bp_083.jpg,2074155,F372EB02,\2006-09-10__Aliz-Umbrella-by-Maker\,
bp_084.jpg,1963465,4ECEB9D2,\2006-09-10__Aliz-Umbrella-by-Maker\,
bp_085.jpg,1899040,D446F954,\2006-09-10__Aliz-Umbrella-by-Maker\,
bp_086.jpg,1953619,0E0DDE62,\2006-09-10__Aliz-Umbrella-by-Maker\,
bp_087.jpg,1972195,ECDF3F91,\2006-09-10__Aliz-Umbrella-by-Maker\,
bp_088.jpg,2036816,D7656D4B,\2006-09-10__Aliz-Umbrella-by-Maker\,
bp_089.jpg,1982988,24F154A4,\2006-09-10__Aliz-Umbrella-by-Maker\,
bp_090.jpg,1891962,7261D8EA,\2006-09-10__Aliz-Umbrella-by-Maker\,
bp_091.jpg,2006746,B2BCADCE,\2006-09-10__Aliz-Umbrella-by-Maker\,
bp_092.jpg,1954389,ED041BEA,\2006-09-10__Aliz-Umbrella-by-Maker\,
bp_093.jpg,1986124,4B4C719E,\2006-09-10__Aliz-Umbrella-by-Maker\,
bp_094.jpg,1978061,50F88F97,\2006-09-10__Aliz-Umbrella-by-Maker\,
bp_095.jpg,1923094,9C56AD0A,\2006-09-10__Aliz-Umbrella-by-Maker\,
bp_096.jpg,1893945,6B38DE98,\2006-09-10__Aliz-Umbrella-by-Maker\,
bp_097.jpg,1833405,F3751DDC,\2006-09-10__Aliz-Umbrella-by-Maker\,
bp_098.jpg,1987268,70BBDE4C,\2006-09-10__Aliz-Umbrella-by-Maker\,
bp_099.jpg,1934297,6C31F3B7,\2006-09-10__Aliz-Umbrella-by-Maker\,
bp_100.jpg,1940222,36A5CD59,\2006-09-10__Aliz-Umbrella-by-Maker\,
bp_101.jpg,1866787,0B63641F,\2006-09-10__Aliz-Umbrella-by-Maker\,
bp_102.jpg,1921729,F2AE6209,\2006-09-10__Aliz-Umbrella-by-Maker\,
bp_103.jpg,2012161,104A077F,\2006-09-10__Aliz-Umbrella-by-Maker\,
bp_104.jpg,1959441,4ECA8A98,\2006-09-10__Aliz-Umbrella-by-Maker\,
bp_105.jpg,1984195,354C4362,\2006-09-10__Aliz-Umbrella-by-Maker\,
bp_106.jpg,1972064,DE34AF7A,\2006-09-10__Aliz-Umbrella-by-Maker\,
bp_107.jpg,2001787,18242489,\2006-09-10__Aliz-Umbrella-by-Maker\,
bp_108.jpg,1983490,546E59D7,\2006-09-10__Aliz-Umbrella-by-Maker\,
bp_109.jpg,1971918,396789F3,\2006-09-10__Aliz-Umbrella-by-Maker\,
bp_110.jpg,2041535,21A12A25,\2006-09-10__Aliz-Umbrella-by-Maker\,
bp_111.jpg,2029748,EE0C8834,\2006-09-10__Aliz-Umbrella-by-Maker\,
bp_112.jpg,1993679,9A65B80D,\2006-09-10__Aliz-Umbrella-by-Maker\,
bp_113.jpg,2015931,AB529726,\2006-09-10__Aliz-Umbrella-by-Maker\,
bp_114.jpg,2025844,5EC13331,\2006-09-10__Aliz-Umbrella-by-Maker\,
bp_115.jpg,1990898,0F8D88C6,\2006-09-10__Aliz-Umbrella-by-Maker\,
bp_116.jpg,2010535,79C60277,\2006-09-10__Aliz-Umbrella-by-Maker\,
bp_117.jpg,1997256,85982158,\2006-09-10__Aliz-Umbrella-by-Maker\,
bp_118.jpg,2019116,8B5FD839,\2006-09-10__Aliz-Umbrella-by-Maker\,
bp_119.jpg,1992027,F1BAB74A,\2006-09-10__Aliz-Umbrella-by-Maker\,
bp_120.jpg,1971469,C949B311,\2006-09-10__Aliz-Umbrella-by-Maker\,
bp_121.jpg,1962032,EB3EBB20,\2006-09-10__Aliz-Umbrella-by-Maker\,
bp_122.jpg,1976826,45F23D7E,\2006-09-10__Aliz-Umbrella-by-Maker\,
bp_123.jpg,2028761,E8BB7F3C,\2006-09-10__Aliz-Umbrella-by-Maker\,
bp_124.jpg,1999281,92B105D6,\2006-09-10__Aliz-Umbrella-by-Maker\,
bp_125.jpg,2024780,B47ABFCB,\2006-09-10__Aliz-Umbrella-by-Maker\,
bp_126.jpg,1976433,5F3EB258,\2006-09-10__Aliz-Umbrella-by-Maker\,
bp_127.jpg,2001481,33221C9C,\2006-09-10__Aliz-Umbrella-by-Maker\,
bp_128.jpg,1974971,C1162273,\2006-09-10__Aliz-Umbrella-by-Maker\,
bp_129.jpg,2006908,B0846F37,\2006-09-10__Aliz-Umbrella-by-Maker\,
bp_130.jpg,2002256,D15A8DE1,\2006-09-10__Aliz-Umbrella-by-Maker\,
bp_131.jpg,1884297,C74135B9,\2006-09-10__Aliz-Umbrella-by-Maker\,
bp_132.jpg,1992322,CF50F000,\2006-09-10__Aliz-Umbrella-by-Maker\,
bp_133.jpg,1981528,9C1CF875,\2006-09-10__Aliz-Umbrella-by-Maker\,
bp_001.jpg,2554336,F6512B1A,\2006-09-12__Petra-Stone-by-Maker\,
bp_002.jpg,2600192,9FFFDADD,\2006-09-12__Petra-Stone-by-Maker\,
bp_003.jpg,2164443,8A26C557,\2006-09-12__Petra-Stone-by-Maker\,
bp_004.jpg,2321109,CDC1215B,\2006-09-12__Petra-Stone-by-Maker\,
bp_005.jpg,2614643,DE44CBF5,\2006-09-12__Petra-Stone-by-Maker\,
bp_006.jpg,2092117,EDB86A10,\2006-09-12__Petra-Stone-by-Maker\,
bp_007.jpg,2359326,8701154F,\2006-09-12__Petra-Stone-by-Maker\,
bp_008.jpg,2275355,0A9F809D,\2006-09-12__Petra-Stone-by-Maker\,
bp_009.jpg,2871411,559B30C5,\2006-09-12__Petra-Stone-by-Maker\,
bp_010.jpg,1869359,75CFD68E,\2006-09-12__Petra-Stone-by-Maker\,
bp_011.jpg,2773853,9B6A2939,\2006-09-12__Petra-Stone-by-Maker\,
bp_012.jpg,2757819,AD1057AB,\2006-09-12__Petra-Stone-by-Maker\,
bp_013.jpg,2563864,4863A445,\2006-09-12__Petra-Stone-by-Maker\,
bp_014.jpg,1957267,D674E6E8,\2006-09-12__Petra-Stone-by-Maker\,
bp_015.jpg,1750506,2A1A1179,\2006-09-12__Petra-Stone-by-Maker\,
bp_016.jpg,2566892,E4F00D41,\2006-09-12__Petra-Stone-by-Maker\,
bp_017.jpg,2642945,04AC2059,\2006-09-12__Petra-Stone-by-Maker\,
bp_018.jpg,2045482,E3ED7197,\2006-09-12__Petra-Stone-by-Maker\,
bp_019.jpg,2226084,DD368B8B,\2006-09-12__Petra-Stone-by-Maker\,
bp_020.jpg,2275629,BDD48B22,\2006-09-12__Petra-Stone-by-Maker\,
bp_021.jpg,1539213,848F1D07,\2006-09-12__Petra-Stone-by-Maker\,
bp_022.jpg,2244897,127A6743,\2006-09-12__Petra-Stone-by-Maker\,
bp_023.jpg,1682288,61282F76,\2006-09-12__Petra-Stone-by-Maker\,
bp_024.jpg,2400479,295DC423,\2006-09-12__Petra-Stone-by-Maker\,
bp_025.jpg,2468026,573FD937,\2006-09-12__Petra-Stone-by-Maker\,
bp_026.jpg,1680179,F73F8A82,\2006-09-12__Petra-Stone-by-Maker\,
bp_027.jpg,2666974,A1177D84,\2006-09-12__Petra-Stone-by-Maker\,
bp_028.jpg,1602788,D5AC9206,\2006-09-12__Petra-Stone-by-Maker\,
bp_029.jpg,1930946,A7A612BC,\2006-09-12__Petra-Stone-by-Maker\,
bp_030.jpg,1743882,E17FD377,\2006-09-12__Petra-Stone-by-Maker\,
bp_031.jpg,1748111,79E82841,\2006-09-12__Petra-Stone-by-Maker\,
bp_032.jpg,1630448,757A4026,\2006-09-12__Petra-Stone-by-Maker\,
bp_033.jpg,1763344,9B0D8277,\2006-09-12__Petra-Stone-by-Maker\,
bp_034.jpg,1726753,4B7029FD,\2006-09-12__Petra-Stone-by-Maker\,
bp_035.jpg,2604986,DD4BCB2D,\2006-09-12__Petra-Stone-by-Maker\,
bp_036.jpg,1759886,4BDA8E95,\2006-09-12__Petra-Stone-by-Maker\,
bp_037.jpg,1777488,B93FC619,\2006-09-12__Petra-Stone-by-Maker\,
bp_038.jpg,1818291,5C4032F3,\2006-09-12__Petra-Stone-by-Maker\,
bp_039.jpg,1883267,8A57ADEC,\2006-09-12__Petra-Stone-by-Maker\,
bp_040.jpg,1948261,4F0DACEB,\2006-09-12__Petra-Stone-by-Maker\,
bp_041.jpg,1679875,913BB22B,\2006-09-12__Petra-Stone-by-Maker\,
bp_042.jpg,2065267,7413EACC,\2006-09-12__Petra-Stone-by-Maker\,
bp_043.jpg,1613153,2661A369,\2006-09-12__Petra-Stone-by-Maker\,
bp_044.jpg,2602944,78BFF6AA,\2006-09-12__Petra-Stone-by-Maker\,
bp_045.jpg,1801371,5883C533,\2006-09-12__Petra-Stone-by-Maker\,
bp_046.jpg,1895455,C5F5E8B2,\2006-09-12__Petra-Stone-by-Maker\,
bp_047.jpg,2390620,8557FFDC,\2006-09-12__Petra-Stone-by-Maker\,
bp_048.jpg,1638280,4E0B821E,\2006-09-12__Petra-Stone-by-Maker\,
bp_049.jpg,1779951,B11EC95D,\2006-09-12__Petra-Stone-by-Maker\,
bp_050.jpg,2301795,97CFDB06,\2006-09-12__Petra-Stone-by-Maker\,
bp_051.jpg,1725387,F146E1A7,\2006-09-12__Petra-Stone-by-Maker\,
bp_052.jpg,1781895,7C773C25,\2006-09-12__Petra-Stone-by-Maker\,
bp_053.jpg,1749138,5999BFC9,\2006-09-12__Petra-Stone-by-Maker\,
bp_054.jpg,1599053,35F7C6E2,\2006-09-12__Petra-Stone-by-Maker\,
bp_055.jpg,2151383,62FE0583,\2006-09-12__Petra-Stone-by-Maker\,
bp_056.jpg,1813744,9A2DAFAC,\2006-09-12__Petra-Stone-by-Maker\,
bp_057.jpg,2283494,639459AC,\2006-09-12__Petra-Stone-by-Maker\,
bp_058.jpg,1932475,D00C8ADB,\2006-09-12__Petra-Stone-by-Maker\,
bp_059.jpg,2395453,3B971BAF,\2006-09-12__Petra-Stone-by-Maker\,
bp_060.jpg,2287681,B1FE37AA,\2006-09-12__Petra-Stone-by-Maker\,
bp_061.jpg,2134961,8287C756,\2006-09-12__Petra-Stone-by-Maker\,
bp_062.jpg,2066674,93B12AE6,\2006-09-12__Petra-Stone-by-Maker\,
bp_063.jpg,2411432,C2464D64,\2006-09-12__Petra-Stone-by-Maker\,
bp_064.jpg,2071934,4CC8C78C,\2006-09-12__Petra-Stone-by-Maker\,
bp_065.jpg,2229840,EC53E5C4,\2006-09-12__Petra-Stone-by-Maker\,
bp_066.jpg,1777621,E464B096,\2006-09-12__Petra-Stone-by-Maker\,
bp_067.jpg,2569810,57375CB4,\2006-09-12__Petra-Stone-by-Maker\,
bp_068.jpg,2412382,12EE1191,\2006-09-12__Petra-Stone-by-Maker\,
bp_069.jpg,2171969,D0D3BA30,\2006-09-12__Petra-Stone-by-Maker\,
bp_070.jpg,2052567,9FC0372E,\2006-09-12__Petra-Stone-by-Maker\,
bp_071.jpg,2697555,E660AF0D,\2006-09-12__Petra-Stone-by-Maker\,
bp_072.jpg,2316153,7B8D59FD,\2006-09-12__Petra-Stone-by-Maker\,
bp_073.jpg,2281481,9561C855,\2006-09-12__Petra-Stone-by-Maker\,
bp_074.jpg,1786785,FDAF87CE,\2006-09-12__Petra-Stone-by-Maker\,
bp_075.jpg,2066633,5AABB17F,\2006-09-12__Petra-Stone-by-Maker\,
bp_076.jpg,1977560,7D86275E,\2006-09-12__Petra-Stone-by-Maker\,
bp_077.jpg,2391946,AC38DF30,\2006-09-12__Petra-Stone-by-Maker\,
bp_078.jpg,2417041,7CA82F33,\2006-09-12__Petra-Stone-by-Maker\,
bp_079.jpg,2306233,8BBC61AB,\2006-09-12__Petra-Stone-by-Maker\,
bp_080.jpg,2337258,D6746C7F,\2006-09-12__Petra-Stone-by-Maker\,
bp_081.jpg,2330576,E097BC3D,\2006-09-12__Petra-Stone-by-Maker\,
bp_082.jpg,2136920,22ACCDCF,\2006-09-12__Petra-Stone-by-Maker\,
bp_083.jpg,1831288,B284ED17,\2006-09-12__Petra-Stone-by-Maker\,
bp_084.jpg,1732839,55509033,\2006-09-12__Petra-Stone-by-Maker\,
bp_085.jpg,2244421,48A5F613,\2006-09-12__Petra-Stone-by-Maker\,
bp_086.jpg,2428675,90A1AFC4,\2006-09-12__Petra-Stone-by-Maker\,
bp_087.jpg,2470740,6B0A4200,\2006-09-12__Petra-Stone-by-Maker\,
bp_088.jpg,2464450,530422EF,\2006-09-12__Petra-Stone-by-Maker\,
bp_089.jpg,1851989,34C53DCA,\2006-09-12__Petra-Stone-by-Maker\,
bp_090.jpg,1742067,5E084540,\2006-09-12__Petra-Stone-by-Maker\,
bp_091.jpg,2000846,35E9BD36,\2006-09-12__Petra-Stone-by-Maker\,
bp_092.jpg,1964378,E37AEFC1,\2006-09-12__Petra-Stone-by-Maker\,
bp_093.jpg,2205962,5C86FE1F,\2006-09-12__Petra-Stone-by-Maker\,
bp_094.jpg,2469741,A5F540BC,\2006-09-12__Petra-Stone-by-Maker\,
bp_095.jpg,2106637,8B485EC8,\2006-09-12__Petra-Stone-by-Maker\,
bp_096.jpg,2555312,740795FF,\2006-09-12__Petra-Stone-by-Maker\,
bp_097.jpg,2185130,1C6F005A,\2006-09-12__Petra-Stone-by-Maker\,
bp_098.jpg,1627467,359C9FE5,\2006-09-12__Petra-Stone-by-Maker\,
bp_099.jpg,1617936,086FBA2E,\2006-09-12__Petra-Stone-by-Maker\,
bp_100.jpg,2389584,012AEF66,\2006-09-12__Petra-Stone-by-Maker\,
bp_101.jpg,2096160,8B8C8466,\2006-09-12__Petra-Stone-by-Maker\,
bp_102.jpg,2187103,5DF63BC8,\2006-09-12__Petra-Stone-by-Maker\,
bp_103.jpg,1941267,D1F5BC0D,\2006-09-12__Petra-Stone-by-Maker\,
bp_104.jpg,2038214,3C84A2D5,\2006-09-12__Petra-Stone-by-Maker\,
bp_105.jpg,1966381,5DCB0EFF,\2006-09-12__Petra-Stone-by-Maker\,
bp_106.jpg,1520020,357C9E7D,\2006-09-12__Petra-Stone-by-Maker\,
bp_107.jpg,2213566,543A650F,\2006-09-12__Petra-Stone-by-Maker\,
bp_108.jpg,1885542,691A8E21,\2006-09-12__Petra-Stone-by-Maker\,
bp_109.jpg,2649527,EB36A5F9,\2006-09-12__Petra-Stone-by-Maker\,
bp_110.jpg,2711812,74F67180,\2006-09-12__Petra-Stone-by-Maker\,
bp_111.jpg,2545333,E837C036,\2006-09-12__Petra-Stone-by-Maker\,
bp_112.jpg,2776464,0CFD17A5,\2006-09-12__Petra-Stone-by-Maker\,
bp_113.jpg,2550526,B02C6E65,\2006-09-12__Petra-Stone-by-Maker\,
bp_114.jpg,2649678,D9E5D77C,\2006-09-12__Petra-Stone-by-Maker\,
bp_115.jpg,2587089,CAB36387,\2006-09-12__Petra-Stone-by-Maker\,
bp_116.jpg,2058182,91372D55,\2006-09-12__Petra-Stone-by-Maker\,
bp_117.jpg,2582596,919468C1,\2006-09-12__Petra-Stone-by-Maker\,
bp_118.jpg,2086272,94CF2CD0,\2006-09-12__Petra-Stone-by-Maker\,
bp_119.jpg,2388353,353BAAFE,\2006-09-12__Petra-Stone-by-Maker\,
bp_120.jpg,2405714,1E8B4636,\2006-09-12__Petra-Stone-by-Maker\,
bp_121.jpg,1671341,90E4B3EA,\2006-09-12__Petra-Stone-by-Maker\,
bp_122.jpg,1617214,2251C855,\2006-09-12__Petra-Stone-by-Maker\,
bp_123.jpg,2276359,3C65F9C6,\2006-09-12__Petra-Stone-by-Maker\,
bp_124.jpg,2499007,4770C05F,\2006-09-12__Petra-Stone-by-Maker\,
bp_125.jpg,2369507,6457977F,\2006-09-12__Petra-Stone-by-Maker\,
bp_126.jpg,2710455,1823B432,\2006-09-12__Petra-Stone-by-Maker\,
bp_127.jpg,2208752,E4234611,\2006-09-12__Petra-Stone-by-Maker\,
bp_128.jpg,2072337,C82E74D7,\2006-09-12__Petra-Stone-by-Maker\,
bp_129.jpg,1823450,90239DA2,\2006-09-12__Petra-Stone-by-Maker\,
bp_130.jpg,2403869,05EC3F06,\2006-09-12__Petra-Stone-by-Maker\,
bp_131.jpg,2673118,9AF490FF,\2006-09-12__Petra-Stone-by-Maker\,
bp_132.jpg,1889054,3935A131,\2006-09-12__Petra-Stone-by-Maker\,
bp_133.jpg,2726175,51BFD96B,\2006-09-12__Petra-Stone-by-Maker\,
bp_134.jpg,2592882,6C51E7C2,\2006-09-12__Petra-Stone-by-Maker\,
bp_135.jpg,2318028,2BEBFDB1,\2006-09-12__Petra-Stone-by-Maker\,
bp_136.jpg,2551201,F3EFEC76,\2006-09-12__Petra-Stone-by-Maker\,
bp_137.jpg,2367536,24E7B073,\2006-09-12__Petra-Stone-by-Maker\,
bp_138.jpg,2376797,B21789D4,\2006-09-12__Petra-Stone-by-Maker\,
bp_139.jpg,2832435,B98C46D3,\2006-09-12__Petra-Stone-by-Maker\,
bp_140.jpg,3067660,74330D6E,\2006-09-12__Petra-Stone-by-Maker\,
bp_141.jpg,2534656,D54106BF,\2006-09-12__Petra-Stone-by-Maker\,
bp_142.jpg,2817693,04D904D1,\2006-09-12__Petra-Stone-by-Maker\,
bp_143.jpg,2789463,185EB72B,\2006-09-12__Petra-Stone-by-Maker\,
bp_144.jpg,2533318,F4AA43E4,\2006-09-12__Petra-Stone-by-Maker\,
bp_145.jpg,2676037,9F99A08D,\2006-09-12__Petra-Stone-by-Maker\,
bp_146.jpg,2241606,94E575FC,\2006-09-12__Petra-Stone-by-Maker\,
bp_147.jpg,2267570,9E0CF5D0,\2006-09-12__Petra-Stone-by-Maker\,
bp_148.jpg,2264302,DD1A4F4C,\2006-09-12__Petra-Stone-by-Maker\,
bp_149.jpg,2001810,DF376305,\2006-09-12__Petra-Stone-by-Maker\,
bp_150.jpg,2274665,E5E68355,\2006-09-12__Petra-Stone-by-Maker\,
bp_151.jpg,2490293,F07390B5,\2006-09-12__Petra-Stone-by-Maker\,
bp_152.jpg,2156558,B6127655,\2006-09-12__Petra-Stone-by-Maker\,
bp_153.jpg,2233306,C791A5B8,\2006-09-12__Petra-Stone-by-Maker\,
bp_154.jpg,2343886,35931068,\2006-09-12__Petra-Stone-by-Maker\,
bp_001.jpg,5367940,DD2CC009,\2006-09-14__Vale-garden-by-Rasputin\,
bp_002.jpg,4640730,FFF1EF88,\2006-09-14__Vale-garden-by-Rasputin\,
bp_003.jpg,5239866,FADACA8B,\2006-09-14__Vale-garden-by-Rasputin\,
bp_004.jpg,4753176,500B1975,\2006-09-14__Vale-garden-by-Rasputin\,
bp_005.jpg,4857441,114589A6,\2006-09-14__Vale-garden-by-Rasputin\,
bp_006.jpg,5629516,73B1F02B,\2006-09-14__Vale-garden-by-Rasputin\,
bp_007.jpg,4913173,9C9D19E4,\2006-09-14__Vale-garden-by-Rasputin\,
bp_008.jpg,4491595,DC2A8B29,\2006-09-14__Vale-garden-by-Rasputin\,
bp_009.jpg,4215883,CF74B104,\2006-09-14__Vale-garden-by-Rasputin\,
bp_010.jpg,5246444,47018658,\2006-09-14__Vale-garden-by-Rasputin\,
bp_011.jpg,5358022,F52FEF41,\2006-09-14__Vale-garden-by-Rasputin\,
bp_012.jpg,4283860,46708312,\2006-09-14__Vale-garden-by-Rasputin\,
bp_013.jpg,4578715,81E2197D,\2006-09-14__Vale-garden-by-Rasputin\,
bp_014.jpg,4692038,ECADCED8,\2006-09-14__Vale-garden-by-Rasputin\,
bp_015.jpg,5576105,07D77B13,\2006-09-14__Vale-garden-by-Rasputin\,
bp_016.jpg,4842321,2F332198,\2006-09-14__Vale-garden-by-Rasputin\,
bp_017.jpg,4554652,886F6080,\2006-09-14__Vale-garden-by-Rasputin\,
bp_018.jpg,4584876,1AEB202D,\2006-09-14__Vale-garden-by-Rasputin\,
bp_019.jpg,4893533,3D6F5CCF,\2006-09-14__Vale-garden-by-Rasputin\,
bp_020.jpg,4636516,BAC5F4CD,\2006-09-14__Vale-garden-by-Rasputin\,
bp_021.jpg,4577419,B46331EB,\2006-09-14__Vale-garden-by-Rasputin\,
bp_022.jpg,4403163,E66712A3,\2006-09-14__Vale-garden-by-Rasputin\,
bp_023.jpg,4557436,24DCBBBA,\2006-09-14__Vale-garden-by-Rasputin\,
bp_024.jpg,4338425,E2D89A35,\2006-09-14__Vale-garden-by-Rasputin\,
bp_025.jpg,4872390,7B7CA722,\2006-09-14__Vale-garden-by-Rasputin\,
bp_026.jpg,4976812,629D94DB,\2006-09-14__Vale-garden-by-Rasputin\,
bp_027.jpg,4710622,001F98A1,\2006-09-14__Vale-garden-by-Rasputin\,
bp_028.jpg,4930673,F3A9BD3D,\2006-09-14__Vale-garden-by-Rasputin\,
bp_029.jpg,4555053,0BFD30C4,\2006-09-14__Vale-garden-by-Rasputin\,
bp_030.jpg,4734804,305126E4,\2006-09-14__Vale-garden-by-Rasputin\,
bp_031.jpg,5860872,823F44FF,\2006-09-14__Vale-garden-by-Rasputin\,
bp_032.jpg,4012995,270E0350,\2006-09-14__Vale-garden-by-Rasputin\,
bp_033.jpg,5247769,CAA49B47,\2006-09-14__Vale-garden-by-Rasputin\,
bp_034.jpg,5367932,6D489B91,\2006-09-14__Vale-garden-by-Rasputin\,
bp_035.jpg,4639152,8B90D557,\2006-09-14__Vale-garden-by-Rasputin\,
bp_036.jpg,5272469,56425A91,\2006-09-14__Vale-garden-by-Rasputin\,
bp_037.jpg,5294400,1CB19E5E,\2006-09-14__Vale-garden-by-Rasputin\,
bp_038.jpg,4646554,ADCD625A,\2006-09-14__Vale-garden-by-Rasputin\,
bp_039.jpg,5335523,713B1654,\2006-09-14__Vale-garden-by-Rasputin\,
bp_040.jpg,5114815,0AB454DA,\2006-09-14__Vale-garden-by-Rasputin\,
bp_041.jpg,5037503,1B8B2AD0,\2006-09-14__Vale-garden-by-Rasputin\,
bp_042.jpg,4529760,BE8D0AAB,\2006-09-14__Vale-garden-by-Rasputin\,
bp_043.jpg,4631391,4090FF52,\2006-09-14__Vale-garden-by-Rasputin\,
bp_044.jpg,5103782,500836FD,\2006-09-14__Vale-garden-by-Rasputin\,
bp_045.jpg,4699480,6A30A89F,\2006-09-14__Vale-garden-by-Rasputin\,
bp_046.jpg,5758588,6BBD3171,\2006-09-14__Vale-garden-by-Rasputin\,
bp_047.jpg,5542461,81F323D9,\2006-09-14__Vale-garden-by-Rasputin\,
bp_048.jpg,5135852,90536520,\2006-09-14__Vale-garden-by-Rasputin\,
bp_049.jpg,5716884,399E5AE1,\2006-09-14__Vale-garden-by-Rasputin\,
bp_050.jpg,5001740,5EA58E96,\2006-09-14__Vale-garden-by-Rasputin\,
bp_051.jpg,4914925,CD98F591,\2006-09-14__Vale-garden-by-Rasputin\,
bp_052.jpg,4449090,E3AC7125,\2006-09-14__Vale-garden-by-Rasputin\,
bp_053.jpg,4496517,920C93E4,\2006-09-14__Vale-garden-by-Rasputin\,
bp_054.jpg,5366449,99C94E6C,\2006-09-14__Vale-garden-by-Rasputin\,
bp_055.jpg,5085269,FE7BD73C,\2006-09-14__Vale-garden-by-Rasputin\,
bp_056.jpg,4030223,12FCDA57,\2006-09-14__Vale-garden-by-Rasputin\,
bp_057.jpg,4940464,90ACED63,\2006-09-14__Vale-garden-by-Rasputin\,
bp_058.jpg,4501371,1BF55680,\2006-09-14__Vale-garden-by-Rasputin\,
bp_059.jpg,4610614,804E0FAA,\2006-09-14__Vale-garden-by-Rasputin\,
bp_060.jpg,4464648,B3B69EBB,\2006-09-14__Vale-garden-by-Rasputin\,
bp_061.jpg,5386178,EA2A8C03,\2006-09-14__Vale-garden-by-Rasputin\,
bp_062.jpg,6425786,8671C58F,\2006-09-14__Vale-garden-by-Rasputin\,
bp_063.jpg,5581014,605346A1,\2006-09-14__Vale-garden-by-Rasputin\,
bp_064.jpg,5649110,1BF8268E,\2006-09-14__Vale-garden-by-Rasputin\,
bp_065.jpg,5768134,1BA57176,\2006-09-14__Vale-garden-by-Rasputin\,
bp_066.jpg,5910718,26118FCD,\2006-09-14__Vale-garden-by-Rasputin\,
bp_067.jpg,5434582,8FCF9720,\2006-09-14__Vale-garden-by-Rasputin\,
bp_068.jpg,4310478,7FD8F1CD,\2006-09-14__Vale-garden-by-Rasputin\,
bp_069.jpg,3973455,92C29495,\2006-09-14__Vale-garden-by-Rasputin\,
bp_070.jpg,4529471,123189AB,\2006-09-14__Vale-garden-by-Rasputin\,
bp_071.jpg,4759284,9C65948E,\2006-09-14__Vale-garden-by-Rasputin\,
bp_072.jpg,5242483,C37D443B,\2006-09-14__Vale-garden-by-Rasputin\,
bp_073.jpg,4651320,07A3A18A,\2006-09-14__Vale-garden-by-Rasputin\,
bp_074.jpg,4672939,15F7A351,\2006-09-14__Vale-garden-by-Rasputin\,
bp_075.jpg,5259943,D8FEB240,\2006-09-14__Vale-garden-by-Rasputin\,
bp_076.jpg,4770794,6BFDFACE,\2006-09-14__Vale-garden-by-Rasputin\,
bp_077.jpg,4371628,84D07C6C,\2006-09-14__Vale-garden-by-Rasputin\,
bp_078.jpg,4738705,EC70EE84,\2006-09-14__Vale-garden-by-Rasputin\,
bp_079.jpg,5068242,3E068B84,\2006-09-14__Vale-garden-by-Rasputin\,
bp_080.jpg,4740098,4CF54867,\2006-09-14__Vale-garden-by-Rasputin\,
bp_081.jpg,5029714,BD46412F,\2006-09-14__Vale-garden-by-Rasputin\,
bp_082.jpg,4370547,C05A2745,\2006-09-14__Vale-garden-by-Rasputin\,
bp_083.jpg,5142391,614E9504,\2006-09-14__Vale-garden-by-Rasputin\,
bp_084.jpg,4868172,005789E3,\2006-09-14__Vale-garden-by-Rasputin\,
bp_085.jpg,4328169,79B3D373,\2006-09-14__Vale-garden-by-Rasputin\,
bp_086.jpg,4764528,39E37E7E,\2006-09-14__Vale-garden-by-Rasputin\,
bp_087.jpg,4725991,CA20A5C5,\2006-09-14__Vale-garden-by-Rasputin\,
bp_088.jpg,4484842,60B461A5,\2006-09-14__Vale-garden-by-Rasputin\,
bp_089.jpg,4978706,54793BD7,\2006-09-14__Vale-garden-by-Rasputin\,
bp_090.jpg,4724165,F060063A,\2006-09-14__Vale-garden-by-Rasputin\,
bp_091.jpg,4078276,9A8B3E73,\2006-09-14__Vale-garden-by-Rasputin\,
bp_092.jpg,4867549,FF4D1F50,\2006-09-14__Vale-garden-by-Rasputin\,
bp_093.jpg,5366986,506DC293,\2006-09-14__Vale-garden-by-Rasputin\,
bp_094.jpg,5421723,8DC94794,\2006-09-14__Vale-garden-by-Rasputin\,
bp_095.jpg,5090541,A27B6FA7,\2006-09-14__Vale-garden-by-Rasputin\,
bp_096.jpg,4529870,52B1EBF8,\2006-09-14__Vale-garden-by-Rasputin\,
bp_097.jpg,4208510,3B0CBF9B,\2006-09-14__Vale-garden-by-Rasputin\,
bp_098.jpg,4364628,20029BF3,\2006-09-14__Vale-garden-by-Rasputin\,
bp_099.jpg,4300804,9EDA380A,\2006-09-14__Vale-garden-by-Rasputin\,
bp_100.jpg,4276849,280E9440,\2006-09-14__Vale-garden-by-Rasputin\,
bp_101.jpg,4064335,00B94AAA,\2006-09-14__Vale-garden-by-Rasputin\,
bp_102.jpg,4631492,1376C137,\2006-09-14__Vale-garden-by-Rasputin\,
bp_103.jpg,4608374,02E99636,\2006-09-14__Vale-garden-by-Rasputin\,
bp_104.jpg,4923821,0D40DDFF,\2006-09-14__Vale-garden-by-Rasputin\,
bp_105.jpg,4549943,0DE9E788,\2006-09-14__Vale-garden-by-Rasputin\,
bp_106.jpg,5832712,D8CC6AA2,\2006-09-14__Vale-garden-by-Rasputin\,
bp_107.jpg,6420134,2C83411E,\2006-09-14__Vale-garden-by-Rasputin\,
bp_108.jpg,6129285,A23D1DDD,\2006-09-14__Vale-garden-by-Rasputin\,
bp_109.jpg,6082919,10F03DFA,\2006-09-14__Vale-garden-by-Rasputin\,
bp_110.jpg,5722064,CC282350,\2006-09-14__Vale-garden-by-Rasputin\,
bp_111.jpg,4555336,D085E0D2,\2006-09-14__Vale-garden-by-Rasputin\,
bp_112.jpg,5947450,1CA12409,\2006-09-14__Vale-garden-by-Rasputin\,
bp_113.jpg,5790537,7A25B392,\2006-09-14__Vale-garden-by-Rasputin\,
bp_114.jpg,5880028,8EAB1388,\2006-09-14__Vale-garden-by-Rasputin\,
bp_115.jpg,5481831,8CD02D0F,\2006-09-14__Vale-garden-by-Rasputin\,
bp_116.jpg,5418202,D0D36D2A,\2006-09-14__Vale-garden-by-Rasputin\,
bp_117.jpg,4808589,05A8411A,\2006-09-14__Vale-garden-by-Rasputin\,
bp_118.jpg,4703733,B2A00D3A,\2006-09-14__Vale-garden-by-Rasputin\,
bp_119.jpg,4296614,E3A84BA5,\2006-09-14__Vale-garden-by-Rasputin\,
bp_120.jpg,4156226,D8FC24A6,\2006-09-14__Vale-garden-by-Rasputin\,
bp_121.jpg,4432959,24228B22,\2006-09-14__Vale-garden-by-Rasputin\,
bp_001.jpg,2568712,B8DAA015,\2006-09-16__Krasa-kama-by-Rasputin\,
bp_002.jpg,2453908,E6AC0B73,\2006-09-16__Krasa-kama-by-Rasputin\,
bp_003.jpg,2808410,857DF0ED,\2006-09-16__Krasa-kama-by-Rasputin\,
bp_004.jpg,2772155,95D1A3DD,\2006-09-16__Krasa-kama-by-Rasputin\,
bp_005.jpg,2305358,FA982011,\2006-09-16__Krasa-kama-by-Rasputin\,
bp_006.jpg,2348901,B8DDA7DC,\2006-09-16__Krasa-kama-by-Rasputin\,
bp_007.jpg,2604758,60DDC57C,\2006-09-16__Krasa-kama-by-Rasputin\,
bp_008.jpg,2637723,BCCAA2AB,\2006-09-16__Krasa-kama-by-Rasputin\,
bp_009.jpg,2594158,81A713A9,\2006-09-16__Krasa-kama-by-Rasputin\,
bp_010.jpg,2559871,00492B64,\2006-09-16__Krasa-kama-by-Rasputin\,
bp_011.jpg,2554812,AEB35D15,\2006-09-16__Krasa-kama-by-Rasputin\,
bp_012.jpg,2071372,D0380D9C,\2006-09-16__Krasa-kama-by-Rasputin\,
bp_013.jpg,2115380,52062C40,\2006-09-16__Krasa-kama-by-Rasputin\,
bp_014.jpg,2251396,DCDF688F,\2006-09-16__Krasa-kama-by-Rasputin\,
bp_015.jpg,2721017,7D7C0EE5,\2006-09-16__Krasa-kama-by-Rasputin\,
bp_016.jpg,2355306,910D9907,\2006-09-16__Krasa-kama-by-Rasputin\,
bp_017.jpg,2552647,4A0AED0F,\2006-09-16__Krasa-kama-by-Rasputin\,
bp_018.jpg,2604360,517B15DD,\2006-09-16__Krasa-kama-by-Rasputin\,
bp_019.jpg,2411363,EF9CE2C3,\2006-09-16__Krasa-kama-by-Rasputin\,
bp_020.jpg,2492468,5C61B1D5,\2006-09-16__Krasa-kama-by-Rasputin\,
bp_021.jpg,2819143,64B66863,\2006-09-16__Krasa-kama-by-Rasputin\,
bp_022.jpg,3293056,978E563A,\2006-09-16__Krasa-kama-by-Rasputin\,
bp_023.jpg,3049863,27FEF215,\2006-09-16__Krasa-kama-by-Rasputin\,
bp_024.jpg,3483441,8D5C26DA,\2006-09-16__Krasa-kama-by-Rasputin\,
bp_025.jpg,3584862,8835F0ED,\2006-09-16__Krasa-kama-by-Rasputin\,
bp_026.jpg,3452126,C9181AE8,\2006-09-16__Krasa-kama-by-Rasputin\,
bp_027.jpg,3624404,87FDC4BC,\2006-09-16__Krasa-kama-by-Rasputin\,
bp_028.jpg,3024356,7AECD1EC,\2006-09-16__Krasa-kama-by-Rasputin\,
bp_029.jpg,3054303,D724877E,\2006-09-16__Krasa-kama-by-Rasputin\,
bp_030.jpg,3264260,765BB29A,\2006-09-16__Krasa-kama-by-Rasputin\,
bp_031.jpg,3498026,338AA901,\2006-09-16__Krasa-kama-by-Rasputin\,
bp_032.jpg,3238101,7BB50461,\2006-09-16__Krasa-kama-by-Rasputin\,
bp_033.jpg,2970473,A49024BA,\2006-09-16__Krasa-kama-by-Rasputin\,
bp_034.jpg,2944712,9FF828BF,\2006-09-16__Krasa-kama-by-Rasputin\,
bp_035.jpg,3094050,02956A43,\2006-09-16__Krasa-kama-by-Rasputin\,
bp_036.jpg,2648198,C3E19D3B,\2006-09-16__Krasa-kama-by-Rasputin\,
bp_037.jpg,2585425,9E1DF129,\2006-09-16__Krasa-kama-by-Rasputin\,
bp_038.jpg,2947300,50C5497E,\2006-09-16__Krasa-kama-by-Rasputin\,
bp_039.jpg,3073312,8FD62316,\2006-09-16__Krasa-kama-by-Rasputin\,
bp_040.jpg,3252879,ADA45B2A,\2006-09-16__Krasa-kama-by-Rasputin\,
bp_041.jpg,2739805,8F2C5080,\2006-09-16__Krasa-kama-by-Rasputin\,
bp_042.jpg,2976458,666FB355,\2006-09-16__Krasa-kama-by-Rasputin\,
bp_043.jpg,3299902,DDAA701E,\2006-09-16__Krasa-kama-by-Rasputin\,
bp_044.jpg,2490944,661261B6,\2006-09-16__Krasa-kama-by-Rasputin\,
bp_045.jpg,3275006,0911542A,\2006-09-16__Krasa-kama-by-Rasputin\,
bp_046.jpg,2339735,F5104E6C,\2006-09-16__Krasa-kama-by-Rasputin\,
bp_047.jpg,3202608,68452E97,\2006-09-16__Krasa-kama-by-Rasputin\,
bp_048.jpg,2799334,8D311F7E,\2006-09-16__Krasa-kama-by-Rasputin\,
bp_049.jpg,3021128,2FA1D391,\2006-09-16__Krasa-kama-by-Rasputin\,
bp_050.jpg,2160840,0A6BDDBE,\2006-09-16__Krasa-kama-by-Rasputin\,
bp_051.jpg,2534352,9EE623F0,\2006-09-16__Krasa-kama-by-Rasputin\,
bp_052.jpg,2978993,17892F33,\2006-09-16__Krasa-kama-by-Rasputin\,
bp_053.jpg,2987502,0960216A,\2006-09-16__Krasa-kama-by-Rasputin\,
bp_054.jpg,2336160,3266B504,\2006-09-16__Krasa-kama-by-Rasputin\,
bp_055.jpg,2891504,3AADA95F,\2006-09-16__Krasa-kama-by-Rasputin\,
bp_056.jpg,2957556,B4B40A47,\2006-09-16__Krasa-kama-by-Rasputin\,
bp_057.jpg,3084376,92E95F94,\2006-09-16__Krasa-kama-by-Rasputin\,
bp_058.jpg,2812719,A73B9451,\2006-09-16__Krasa-kama-by-Rasputin\,
bp_059.jpg,2871038,98BB2228,\2006-09-16__Krasa-kama-by-Rasputin\,
bp_060.jpg,2975482,7E811CC7,\2006-09-16__Krasa-kama-by-Rasputin\,
bp_061.jpg,2522228,822F71A4,\2006-09-16__Krasa-kama-by-Rasputin\,
bp_062.jpg,2380138,25068B47,\2006-09-16__Krasa-kama-by-Rasputin\,
bp_063.jpg,2366149,F8E89A69,\2006-09-16__Krasa-kama-by-Rasputin\,
bp_064.jpg,2399664,61976A74,\2006-09-16__Krasa-kama-by-Rasputin\,
bp_065.jpg,2243990,8F354026,\2006-09-16__Krasa-kama-by-Rasputin\,
bp_001.jpg,3287785,86B3F8E4,\2006-09-18__Glamour-Alina-by-EricGrass\,
bp_002.jpg,4551923,BF242444,\2006-09-18__Glamour-Alina-by-EricGrass\,
bp_003.jpg,3581680,33182BA9,\2006-09-18__Glamour-Alina-by-EricGrass\,
bp_004.jpg,3525467,05987A41,\2006-09-18__Glamour-Alina-by-EricGrass\,
bp_005.jpg,3739917,560E6DC1,\2006-09-18__Glamour-Alina-by-EricGrass\,
bp_006.jpg,3644015,51AC8DC8,\2006-09-18__Glamour-Alina-by-EricGrass\,
bp_007.jpg,3849348,9849025F,\2006-09-18__Glamour-Alina-by-EricGrass\,
bp_008.jpg,3582023,A77690AE,\2006-09-18__Glamour-Alina-by-EricGrass\,
bp_009.jpg,3775835,344E5FB9,\2006-09-18__Glamour-Alina-by-EricGrass\,
bp_010.jpg,3263774,E5B11877,\2006-09-18__Glamour-Alina-by-EricGrass\,
bp_011.jpg,3375212,97B372C7,\2006-09-18__Glamour-Alina-by-EricGrass\,
bp_012.jpg,3885412,04A482B7,\2006-09-18__Glamour-Alina-by-EricGrass\,
bp_013.jpg,3380457,39DDABD7,\2006-09-18__Glamour-Alina-by-EricGrass\,
bp_014.jpg,3463929,6FB73C37,\2006-09-18__Glamour-Alina-by-EricGrass\,
bp_015.jpg,3454011,40C5C34B,\2006-09-18__Glamour-Alina-by-EricGrass\,
bp_016.jpg,3015518,E649ABFA,\2006-09-18__Glamour-Alina-by-EricGrass\,
bp_017.jpg,2101015,B5A34FC4,\2006-09-18__Glamour-Alina-by-EricGrass\,
bp_018.jpg,3564571,42E60C76,\2006-09-18__Glamour-Alina-by-EricGrass\,
bp_019.jpg,1889681,4A75706C,\2006-09-18__Glamour-Alina-by-EricGrass\,
bp_020.jpg,3645079,05BC6FB8,\2006-09-18__Glamour-Alina-by-EricGrass\,
bp_021.jpg,3384105,11653048,\2006-09-18__Glamour-Alina-by-EricGrass\,
bp_022.jpg,3692240,06DF0DE9,\2006-09-18__Glamour-Alina-by-EricGrass\,
bp_023.jpg,3469776,F91FF4BE,\2006-09-18__Glamour-Alina-by-EricGrass\,
bp_024.jpg,3550670,A4A4C6E4,\2006-09-18__Glamour-Alina-by-EricGrass\,
bp_025.jpg,3252270,FF539B1C,\2006-09-18__Glamour-Alina-by-EricGrass\,
bp_026.jpg,1980279,4FC4AD70,\2006-09-18__Glamour-Alina-by-EricGrass\,
bp_027.jpg,3097915,87BD73B0,\2006-09-18__Glamour-Alina-by-EricGrass\,
bp_028.jpg,3285545,894E4A87,\2006-09-18__Glamour-Alina-by-EricGrass\,
bp_029.jpg,3401978,9782E356,\2006-09-18__Glamour-Alina-by-EricGrass\,
bp_030.jpg,3796777,94B661E1,\2006-09-18__Glamour-Alina-by-EricGrass\,
bp_031.jpg,3001341,CC43E381,\2006-09-18__Glamour-Alina-by-EricGrass\,
bp_032.jpg,3460938,F5432926,\2006-09-18__Glamour-Alina-by-EricGrass\,
bp_033.jpg,2315933,49EB66F7,\2006-09-18__Glamour-Alina-by-EricGrass\,
bp_034.jpg,2427634,BD6F5FD0,\2006-09-18__Glamour-Alina-by-EricGrass\,
bp_035.jpg,3424377,9F90A165,\2006-09-18__Glamour-Alina-by-EricGrass\,
bp_036.jpg,3365803,21FD27AC,\2006-09-18__Glamour-Alina-by-EricGrass\,
bp_037.jpg,3196174,C510BE33,\2006-09-18__Glamour-Alina-by-EricGrass\,
bp_038.jpg,3125985,E87373D4,\2006-09-18__Glamour-Alina-by-EricGrass\,
bp_039.jpg,1946553,3D86270B,\2006-09-18__Glamour-Alina-by-EricGrass\,
bp_040.jpg,3779299,355047CA,\2006-09-18__Glamour-Alina-by-EricGrass\,
bp_041.jpg,3475753,F5DAB25D,\2006-09-18__Glamour-Alina-by-EricGrass\,
bp_042.jpg,3354752,3DF28024,\2006-09-18__Glamour-Alina-by-EricGrass\,
bp_043.jpg,3409711,5570AB21,\2006-09-18__Glamour-Alina-by-EricGrass\,
bp_044.jpg,3544782,E066D4E5,\2006-09-18__Glamour-Alina-by-EricGrass\,
bp_045.jpg,2185849,2BF54292,\2006-09-18__Glamour-Alina-by-EricGrass\,
bp_046.jpg,2208432,5A291F85,\2006-09-18__Glamour-Alina-by-EricGrass\,
bp_047.jpg,2436595,15977491,\2006-09-18__Glamour-Alina-by-EricGrass\,
bp_048.jpg,1875062,EBC22631,\2006-09-18__Glamour-Alina-by-EricGrass\,
bp_049.jpg,3674169,E2A26625,\2006-09-18__Glamour-Alina-by-EricGrass\,
bp_050.jpg,3487035,99D0C692,\2006-09-18__Glamour-Alina-by-EricGrass\,
bp_051.jpg,3273535,7AB0EDAE,\2006-09-18__Glamour-Alina-by-EricGrass\,
bp_052.jpg,3207366,46190A71,\2006-09-18__Glamour-Alina-by-EricGrass\,
bp_053.jpg,3244871,EC3FD485,\2006-09-18__Glamour-Alina-by-EricGrass\,
bp_054.jpg,3362982,2AF94182,\2006-09-18__Glamour-Alina-by-EricGrass\,
bp_055.jpg,3194857,35196055,\2006-09-18__Glamour-Alina-by-EricGrass\,
bp_056.jpg,3487427,5C7FDA59,\2006-09-18__Glamour-Alina-by-EricGrass\,
bp_057.jpg,3115812,8086C0C7,\2006-09-18__Glamour-Alina-by-EricGrass\,
bp_058.jpg,3124930,16D5B5A8,\2006-09-18__Glamour-Alina-by-EricGrass\,
bp_059.jpg,1988527,EC95BED4,\2006-09-18__Glamour-Alina-by-EricGrass\,
bp_060.jpg,3258540,754E2112,\2006-09-18__Glamour-Alina-by-EricGrass\,
bp_061.jpg,3280710,76EA0632,\2006-09-18__Glamour-Alina-by-EricGrass\,
bp_062.jpg,4151370,E7A38AA0,\2006-09-18__Glamour-Alina-by-EricGrass\,
bp_063.jpg,3308699,095EC374,\2006-09-18__Glamour-Alina-by-EricGrass\,
bp_064.jpg,3352439,9B8C376D,\2006-09-18__Glamour-Alina-by-EricGrass\,
bp_065.jpg,3188097,CE5D220B,\2006-09-18__Glamour-Alina-by-EricGrass\,
bp_066.jpg,3890480,C9696D2E,\2006-09-18__Glamour-Alina-by-EricGrass\,
bp_067.jpg,3129982,8BBD1224,\2006-09-18__Glamour-Alina-by-EricGrass\,
bp_068.jpg,3663351,09E40F43,\2006-09-18__Glamour-Alina-by-EricGrass\,
bp_069.jpg,3246283,84098963,\2006-09-18__Glamour-Alina-by-EricGrass\,
bp_070.jpg,2986245,DF88D809,\2006-09-18__Glamour-Alina-by-EricGrass\,
bp_071.jpg,3097110,665BC957,\2006-09-18__Glamour-Alina-by-EricGrass\,
bp_072.jpg,3362974,A64EFC68,\2006-09-18__Glamour-Alina-by-EricGrass\,
bp_073.jpg,2225305,AEBC0AB7,\2006-09-18__Glamour-Alina-by-EricGrass\,
bp_074.jpg,3381022,6196DA3E,\2006-09-18__Glamour-Alina-by-EricGrass\,
bp_075.jpg,1871812,910C07E7,\2006-09-18__Glamour-Alina-by-EricGrass\,
bp_076.jpg,1912209,AE20985C,\2006-09-18__Glamour-Alina-by-EricGrass\,
bp_077.jpg,3850618,EFFC535D,\2006-09-18__Glamour-Alina-by-EricGrass\,
bp_078.jpg,2009486,5FE847BE,\2006-09-18__Glamour-Alina-by-EricGrass\,
bp_079.jpg,2022637,DF671B28,\2006-09-18__Glamour-Alina-by-EricGrass\,
bp_080.jpg,3352414,686DDE27,\2006-09-18__Glamour-Alina-by-EricGrass\,
bp_081.jpg,1983215,E0970CD8,\2006-09-18__Glamour-Alina-by-EricGrass\,
bp_082.jpg,3722011,B0D7A48C,\2006-09-18__Glamour-Alina-by-EricGrass\,
bp_083.jpg,3442431,596DBAAE,\2006-09-18__Glamour-Alina-by-EricGrass\,
bp_084.jpg,3707054,EE535266,\2006-09-18__Glamour-Alina-by-EricGrass\,
bp_085.jpg,1741899,B4D24F60,\2006-09-18__Glamour-Alina-by-EricGrass\,
bp_086.jpg,1648908,B7DED6FB,\2006-09-18__Glamour-Alina-by-EricGrass\,
bp_087.jpg,1876634,9EB7E9B3,\2006-09-18__Glamour-Alina-by-EricGrass\,
bp_088.jpg,1891306,8204F3C5,\2006-09-18__Glamour-Alina-by-EricGrass\,
bp_089.jpg,3311736,F229E752,\2006-09-18__Glamour-Alina-by-EricGrass\,
bp_090.jpg,2375428,98A5785D,\2006-09-18__Glamour-Alina-by-EricGrass\,
bp_091.jpg,2060262,A5CCCBB0,\2006-09-18__Glamour-Alina-by-EricGrass\,
bp_092.jpg,4060444,34414F0C,\2006-09-18__Glamour-Alina-by-EricGrass\,
bp_093.jpg,3341851,B17C167F,\2006-09-18__Glamour-Alina-by-EricGrass\,
bp_094.jpg,3345992,672E2EC4,\2006-09-18__Glamour-Alina-by-EricGrass\,
bp_095.jpg,3777910,38ABEDE0,\2006-09-18__Glamour-Alina-by-EricGrass\,
bp_096.jpg,3619308,21854C1D,\2006-09-18__Glamour-Alina-by-EricGrass\,
bp_097.jpg,3264383,F1AFF7E2,\2006-09-18__Glamour-Alina-by-EricGrass\,
bp_098.jpg,3611541,D4C279DB,\2006-09-18__Glamour-Alina-by-EricGrass\,
bp_099.jpg,2260206,B0E0214B,\2006-09-18__Glamour-Alina-by-EricGrass\,
bp_100.jpg,1887387,5BBE7FA9,\2006-09-18__Glamour-Alina-by-EricGrass\,
bp_101.jpg,1635913,45DA9EE2,\2006-09-18__Glamour-Alina-by-EricGrass\,
bp_102.jpg,1941491,C4C3923F,\2006-09-18__Glamour-Alina-by-EricGrass\,
bp_103.jpg,2444172,75209FCD,\2006-09-18__Glamour-Alina-by-EricGrass\,
bp_104.jpg,2115462,F13F6A24,\2006-09-18__Glamour-Alina-by-EricGrass\,
bp_105.jpg,1905848,E1C1BFA3,\2006-09-18__Glamour-Alina-by-EricGrass\,
bp_106.jpg,2398893,F02C8561,\2006-09-18__Glamour-Alina-by-EricGrass\,
bp_107.jpg,3693892,18A6A838,\2006-09-18__Glamour-Alina-by-EricGrass\,
bp_108.jpg,2024963,9C38A12D,\2006-09-18__Glamour-Alina-by-EricGrass\,
bp_109.jpg,1817405,604D22FC,\2006-09-18__Glamour-Alina-by-EricGrass\,
bp_110.jpg,3749073,4D59D83C,\2006-09-18__Glamour-Alina-by-EricGrass\,
bp_111.jpg,3548690,53AFC044,\2006-09-18__Glamour-Alina-by-EricGrass\,
bp_112.jpg,1818739,FADD9EC6,\2006-09-18__Glamour-Alina-by-EricGrass\,
bp_113.jpg,1879789,EDCB114F,\2006-09-18__Glamour-Alina-by-EricGrass\,
bp_114.jpg,3144969,A23A69FC,\2006-09-18__Glamour-Alina-by-EricGrass\,
bp_115.jpg,3074013,948139E2,\2006-09-18__Glamour-Alina-by-EricGrass\,
bp_116.jpg,3020532,76ABD026,\2006-09-18__Glamour-Alina-by-EricGrass\,
bp_117.jpg,3647971,83DC7BF8,\2006-09-18__Glamour-Alina-by-EricGrass\,
bp_118.jpg,2894919,E3D957B4,\2006-09-18__Glamour-Alina-by-EricGrass\,
bp_119.jpg,2904877,D282432B,\2006-09-18__Glamour-Alina-by-EricGrass\,
bp_120.jpg,3289766,D711F0FB,\2006-09-18__Glamour-Alina-by-EricGrass\,
bp_121.jpg,3447277,52A63890,\2006-09-18__Glamour-Alina-by-EricGrass\,
bp_122.jpg,2141412,EBCBF903,\2006-09-18__Glamour-Alina-by-EricGrass\,
bp_123.jpg,3611266,751AFB42,\2006-09-18__Glamour-Alina-by-EricGrass\,
bp_124.jpg,3497437,175C2364,\2006-09-18__Glamour-Alina-by-EricGrass\,
bp_125.jpg,3241029,D315B16B,\2006-09-18__Glamour-Alina-by-EricGrass\,
bp_126.jpg,1879984,5B3F266C,\2006-09-18__Glamour-Alina-by-EricGrass\,
bp_127.jpg,1891706,6D26B507,\2006-09-18__Glamour-Alina-by-EricGrass\,
bp_128.jpg,1958197,987EEE32,\2006-09-18__Glamour-Alina-by-EricGrass\,
bp_129.jpg,3111440,754BC0F2,\2006-09-18__Glamour-Alina-by-EricGrass\,
bp_130.jpg,3662613,9AC717F5,\2006-09-18__Glamour-Alina-by-EricGrass\,
bp_131.jpg,3560292,CA289BFB,\2006-09-18__Glamour-Alina-by-EricGrass\,
bp_132.jpg,3162432,09DBB53E,\2006-09-18__Glamour-Alina-by-EricGrass\,
bp_133.jpg,4342999,7AE52B04,\2006-09-18__Glamour-Alina-by-EricGrass\,
bp_134.jpg,4504473,8A00C7C8,\2006-09-18__Glamour-Alina-by-EricGrass\,
bp_135.jpg,3706640,EE079172,\2006-09-18__Glamour-Alina-by-EricGrass\,
bp_136.jpg,5126703,0076C8D9,\2006-09-18__Glamour-Alina-by-EricGrass\,
bp_137.jpg,4661329,42685070,\2006-09-18__Glamour-Alina-by-EricGrass\,
bp_138.jpg,3216899,75094F1B,\2006-09-18__Glamour-Alina-by-EricGrass\,
bp_139.jpg,3920241,8A1A34A1,\2006-09-18__Glamour-Alina-by-EricGrass\,
bp_140.jpg,3853187,90C87868,\2006-09-18__Glamour-Alina-by-EricGrass\,
bp_141.jpg,4088056,2D253FDB,\2006-09-18__Glamour-Alina-by-EricGrass\,
bp_142.jpg,3528610,517CA79E,\2006-09-18__Glamour-Alina-by-EricGrass\,
bp_143.jpg,3940206,B7FA6F0C,\2006-09-18__Glamour-Alina-by-EricGrass\,
bp_144.jpg,3851859,3DED4F31,\2006-09-18__Glamour-Alina-by-EricGrass\,
bp_145.jpg,3808375,01274C3B,\2006-09-18__Glamour-Alina-by-EricGrass\,
bp_146.jpg,3640461,73CFFAB0,\2006-09-18__Glamour-Alina-by-EricGrass\,
bp_147.jpg,3850305,0AD4417F,\2006-09-18__Glamour-Alina-by-EricGrass\,
bp_148.jpg,3457744,F8930435,\2006-09-18__Glamour-Alina-by-EricGrass\,
bp_149.jpg,3450944,DD58176E,\2006-09-18__Glamour-Alina-by-EricGrass\,
bp_150.jpg,3071816,39AAC5EA,\2006-09-18__Glamour-Alina-by-EricGrass\,
bp_001.jpg,4656293,7B59496C,\2006-09-20__Sunflowers-by-Rasputin\,
bp_002.jpg,4496554,7E3047CB,\2006-09-20__Sunflowers-by-Rasputin\,
bp_003.jpg,4732023,3BD908B7,\2006-09-20__Sunflowers-by-Rasputin\,
bp_004.jpg,4573081,F51ACB53,\2006-09-20__Sunflowers-by-Rasputin\,
bp_005.jpg,4751920,3764F904,\2006-09-20__Sunflowers-by-Rasputin\,
bp_006.jpg,4659189,68441F1E,\2006-09-20__Sunflowers-by-Rasputin\,
bp_007.jpg,5082175,17950D70,\2006-09-20__Sunflowers-by-Rasputin\,
bp_008.jpg,4898653,930E6460,\2006-09-20__Sunflowers-by-Rasputin\,
bp_009.jpg,4567785,1F94B5CD,\2006-09-20__Sunflowers-by-Rasputin\,
bp_010.jpg,4988170,FB5D5845,\2006-09-20__Sunflowers-by-Rasputin\,
bp_011.jpg,5177861,3E666672,\2006-09-20__Sunflowers-by-Rasputin\,
bp_012.jpg,4823501,C8BDC4FA,\2006-09-20__Sunflowers-by-Rasputin\,
bp_013.jpg,4878742,957E3618,\2006-09-20__Sunflowers-by-Rasputin\,
bp_014.jpg,4913775,98F17391,\2006-09-20__Sunflowers-by-Rasputin\,
bp_015.jpg,5041238,F7F5C7D9,\2006-09-20__Sunflowers-by-Rasputin\,
bp_016.jpg,5035309,C9067DEE,\2006-09-20__Sunflowers-by-Rasputin\,
bp_017.jpg,4714178,74F64948,\2006-09-20__Sunflowers-by-Rasputin\,
bp_018.jpg,4477190,060165AC,\2006-09-20__Sunflowers-by-Rasputin\,
bp_019.jpg,4252973,D29EC9EE,\2006-09-20__Sunflowers-by-Rasputin\,
bp_020.jpg,4176708,1CC4B395,\2006-09-20__Sunflowers-by-Rasputin\,
bp_021.jpg,4641939,33DA89D4,\2006-09-20__Sunflowers-by-Rasputin\,
bp_022.jpg,4526881,8A4C4CD3,\2006-09-20__Sunflowers-by-Rasputin\,
bp_023.jpg,4363413,4ACB39CE,\2006-09-20__Sunflowers-by-Rasputin\,
bp_024.jpg,4009013,9F99FEDF,\2006-09-20__Sunflowers-by-Rasputin\,
bp_025.jpg,4840969,18ED4F44,\2006-09-20__Sunflowers-by-Rasputin\,
bp_026.jpg,5008169,7F9A7F3B,\2006-09-20__Sunflowers-by-Rasputin\,
bp_027.jpg,4260320,D6137D1D,\2006-09-20__Sunflowers-by-Rasputin\,
bp_028.jpg,4112777,2E4A2861,\2006-09-20__Sunflowers-by-Rasputin\,
bp_029.jpg,4731168,8ABB5384,\2006-09-20__Sunflowers-by-Rasputin\,
bp_030.jpg,4664800,F37D288B,\2006-09-20__Sunflowers-by-Rasputin\,
bp_031.jpg,4914363,3089806A,\2006-09-20__Sunflowers-by-Rasputin\,
bp_032.jpg,4272196,C426A50A,\2006-09-20__Sunflowers-by-Rasputin\,
bp_033.jpg,4587367,370ABD1F,\2006-09-20__Sunflowers-by-Rasputin\,
bp_034.jpg,4689451,CA2FFB10,\2006-09-20__Sunflowers-by-Rasputin\,
bp_035.jpg,4606597,C20FD621,\2006-09-20__Sunflowers-by-Rasputin\,
bp_036.jpg,4638048,09D82A27,\2006-09-20__Sunflowers-by-Rasputin\,
bp_037.jpg,4725053,54E06CA2,\2006-09-20__Sunflowers-by-Rasputin\,
bp_038.jpg,5262027,E8C61596,\2006-09-20__Sunflowers-by-Rasputin\,
bp_039.jpg,5520653,548E3B84,\2006-09-20__Sunflowers-by-Rasputin\,
bp_040.jpg,5287788,AAAABACD,\2006-09-20__Sunflowers-by-Rasputin\,
bp_041.jpg,5466202,C1EFA0B9,\2006-09-20__Sunflowers-by-Rasputin\,
bp_042.jpg,4835502,F032F8B6,\2006-09-20__Sunflowers-by-Rasputin\,
bp_043.jpg,4842554,1160F912,\2006-09-20__Sunflowers-by-Rasputin\,
bp_044.jpg,4467851,E8EE5ED0,\2006-09-20__Sunflowers-by-Rasputin\,
bp_045.jpg,5143252,FE66508E,\2006-09-20__Sunflowers-by-Rasputin\,
bp_046.jpg,5094033,AE6B112C,\2006-09-20__Sunflowers-by-Rasputin\,
bp_047.jpg,5188538,FF399BB0,\2006-09-20__Sunflowers-by-Rasputin\,
bp_048.jpg,5426481,FB9138E4,\2006-09-20__Sunflowers-by-Rasputin\,
bp_049.jpg,5391223,8F529C13,\2006-09-20__Sunflowers-by-Rasputin\,
bp_050.jpg,5050905,877555FF,\2006-09-20__Sunflowers-by-Rasputin\,
bp_051.jpg,4876804,07FD18B3,\2006-09-20__Sunflowers-by-Rasputin\,
bp_052.jpg,4824155,1FE18425,\2006-09-20__Sunflowers-by-Rasputin\,
bp_053.jpg,4605433,3C4258CB,\2006-09-20__Sunflowers-by-Rasputin\,
bp_054.jpg,5461357,D764407D,\2006-09-20__Sunflowers-by-Rasputin\,
bp_055.jpg,6018891,6DA94245,\2006-09-20__Sunflowers-by-Rasputin\,
bp_056.jpg,4803194,1197794A,\2006-09-20__Sunflowers-by-Rasputin\,
bp_057.jpg,5422729,A3606D00,\2006-09-20__Sunflowers-by-Rasputin\,
bp_058.jpg,4412677,DBA17AEB,\2006-09-20__Sunflowers-by-Rasputin\,
bp_059.jpg,4885188,7E9B4119,\2006-09-20__Sunflowers-by-Rasputin\,
bp_060.jpg,5128506,D6AF6938,\2006-09-20__Sunflowers-by-Rasputin\,
bp_061.jpg,4773378,16E78BFD,\2006-09-20__Sunflowers-by-Rasputin\,
bp_062.jpg,4913002,B127EEB2,\2006-09-20__Sunflowers-by-Rasputin\,
bp_063.jpg,5161654,AA129686,\2006-09-20__Sunflowers-by-Rasputin\,
bp_064.jpg,5128511,4D1F2FAC,\2006-09-20__Sunflowers-by-Rasputin\,
bp_065.jpg,4500488,F19CF083,\2006-09-20__Sunflowers-by-Rasputin\,
bp_066.jpg,5051013,3BBC6D92,\2006-09-20__Sunflowers-by-Rasputin\,
bp_067.jpg,4831604,D65AF3F9,\2006-09-20__Sunflowers-by-Rasputin\,
bp_068.jpg,4592172,E24D8320,\2006-09-20__Sunflowers-by-Rasputin\,
bp_069.jpg,4913801,F9750E3F,\2006-09-20__Sunflowers-by-Rasputin\,
bp_070.jpg,4691995,9DCC0066,\2006-09-20__Sunflowers-by-Rasputin\,
bp_071.jpg,4461949,2EB5BB22,\2006-09-20__Sunflowers-by-Rasputin\,
bp_072.jpg,4530633,E980D7F9,\2006-09-20__Sunflowers-by-Rasputin\,
bp_073.jpg,4721576,63A17F30,\2006-09-20__Sunflowers-by-Rasputin\,
bp_074.jpg,3897924,AB1C4472,\2006-09-20__Sunflowers-by-Rasputin\,
bp_075.jpg,4749980,575E3C4E,\2006-09-20__Sunflowers-by-Rasputin\,
bp_076.jpg,4651738,880DAFD2,\2006-09-20__Sunflowers-by-Rasputin\,
bp_077.jpg,4917923,87423DAE,\2006-09-20__Sunflowers-by-Rasputin\,
bp_078.jpg,4553936,3A6EB5D1,\2006-09-20__Sunflowers-by-Rasputin\,
bp_079.jpg,4991924,8099C541,\2006-09-20__Sunflowers-by-Rasputin\,
bp_080.jpg,4403709,B6B80828,\2006-09-20__Sunflowers-by-Rasputin\,
bp_081.jpg,5285852,F7201AC3,\2006-09-20__Sunflowers-by-Rasputin\,
bp_082.jpg,5087697,61854E32,\2006-09-20__Sunflowers-by-Rasputin\,
bp_083.jpg,4967640,0958F06D,\2006-09-20__Sunflowers-by-Rasputin\,
bp_084.jpg,4579246,E1C94FDA,\2006-09-20__Sunflowers-by-Rasputin\,
bp_085.jpg,4691448,C5BC38A4,\2006-09-20__Sunflowers-by-Rasputin\,
bp_086.jpg,5139147,358C09D3,\2006-09-20__Sunflowers-by-Rasputin\,
bp_087.jpg,4667556,5454DB81,\2006-09-20__Sunflowers-by-Rasputin\,
bp_088.jpg,4953003,AF542A87,\2006-09-20__Sunflowers-by-Rasputin\,
bp_089.jpg,4109853,C35CA794,\2006-09-20__Sunflowers-by-Rasputin\,
bp_090.jpg,4804930,3B46BB65,\2006-09-20__Sunflowers-by-Rasputin\,
bp_091.jpg,4581991,AE73043A,\2006-09-20__Sunflowers-by-Rasputin\,
bp_092.jpg,4216988,E3DB9614,\2006-09-20__Sunflowers-by-Rasputin\,
bp_093.jpg,4408552,1E399259,\2006-09-20__Sunflowers-by-Rasputin\,
bp_094.jpg,4185648,02ED8268,\2006-09-20__Sunflowers-by-Rasputin\,
bp_095.jpg,3577930,5745E20A,\2006-09-20__Sunflowers-by-Rasputin\,
bp_096.jpg,4923301,D9CE17B2,\2006-09-20__Sunflowers-by-Rasputin\,
bp_097.jpg,4522448,C50E45A1,\2006-09-20__Sunflowers-by-Rasputin\,
bp_098.jpg,4019299,4D607355,\2006-09-20__Sunflowers-by-Rasputin\,
bp_099.jpg,4306643,C109DFF7,\2006-09-20__Sunflowers-by-Rasputin\,
bp_100.jpg,4411763,7A92776E,\2006-09-20__Sunflowers-by-Rasputin\,
